<?xml version="1.0" encoding="UTF-8"?>
<includes>

	<include name="DialogMusicInfo_coords1">
		<include condition="String.IsEqual(Skin.AspectRatio,16:9) + True">DialogMusicInfo_coords1_16:9</include>
		<include condition="String.IsEqual(Skin.AspectRatio,21:9)">DialogMusicInfo_coords1_21:9</include>
		<include condition="String.IsEqual(Skin.AspectRatio,16:9) + False">DialogMusicInfo_coords1_21:9_masked</include>
		<include condition="String.IsEqual(Skin.AspectRatio,4:3)">DialogMusicInfo_coords1_4:3</include>
	</include>
	<include name="DialogMusicInfo_coords1_16:9">
		<left>150</left>
		<top>225</top>
		<width>405</width>
		<height>600</height>
	</include>
	<include name="DialogMusicInfo_coords1_21:9">
		<left>150</left>
		<top>225</top>
		<width>405</width>
		<height>600</height>
	</include>
	<include name="DialogMusicInfo_coords1_21:9_masked">
		<left>150</left>
		<top>405</top>
		<width>405</width>
		<height>600</height>
	</include>
	<include name="DialogMusicInfo_coords1_4:3">
		<left>150</left>
		<top>225</top>
		<width>405</width>
		<height>600</height>
	</include>
	
	<include name="DialogMusicInfo_coords2">
		<include condition="String.IsEqual(Skin.AspectRatio,16:9) + True">DialogMusicInfo_coords2_16:9</include>
		<include condition="String.IsEqual(Skin.AspectRatio,21:9)">DialogMusicInfo_coords2_21:9</include>
		<include condition="String.IsEqual(Skin.AspectRatio,16:9) + False">DialogMusicInfo_coords2_21:9_masked</include>
		<include condition="String.IsEqual(Skin.AspectRatio,4:3)">DialogMusicInfo_coords2_4:3</include>
	</include>
	<include name="DialogMusicInfo_coords2_16:9">
		<left>150</left>
		<bottom>180</bottom>
		<width>1620</width>
		<height>36</height>
	</include>
	<include name="DialogMusicInfo_coords2_21:9">
		<left>150</left>
		<bottom>180</bottom>
		<width>2100</width>
		<height>36</height>
	</include>
	<include name="DialogMusicInfo_coords2_21:9_masked">
		<left>150</left>
		<bottom>360</bottom>
		<width>2100</width>
		<height>36</height>
	</include>
	<include name="DialogMusicInfo_coords2_4:3">
		<left>150</left>
		<bottom>180</bottom>
		<width>1140</width>
		<height>36</height>
	</include>
	
	<include name="DialogMusicInfo_coords3">
		<include condition="String.IsEqual(Skin.AspectRatio,16:9) + True">DialogMusicInfo_coords3_16:9</include>
		<include condition="String.IsEqual(Skin.AspectRatio,21:9)">DialogMusicInfo_coords3_21:9</include>
		<include condition="String.IsEqual(Skin.AspectRatio,16:9) + False">DialogMusicInfo_coords3_21:9_masked</include>
		<include condition="String.IsEqual(Skin.AspectRatio,4:3)">DialogMusicInfo_coords3_4:3</include>
	</include>
	<include name="DialogMusicInfo_coords3_16:9">
		<left>600</left>
		<top>235</top>
	</include>
	<include name="DialogMusicInfo_coords3_21:9">
		<left>600</left>
		<top>415</top>
	</include>
	<include name="DialogMusicInfo_coords3_21:9_masked">
		<left>600</left>
		<top>415</top>
	</include>
	<include name="DialogMusicInfo_coords3_4:3">
		<left>600</left>
		<top>235</top>
	</include>
	
	<include name="DialogMusicInfo_coords4">
		<include condition="String.IsEqual(Skin.AspectRatio,16:9) + True">DialogMusicInfo_coords4_16:9</include>
		<include condition="String.IsEqual(Skin.AspectRatio,21:9)">DialogMusicInfo_coords4_21:9</include>
		<include condition="String.IsEqual(Skin.AspectRatio,16:9) + False">DialogMusicInfo_coords4_21:9_masked</include>
		<include condition="String.IsEqual(Skin.AspectRatio,4:3)">DialogMusicInfo_coords4_4:3</include>
	</include>
	<include name="DialogMusicInfo_coords4_16:9">
		<width>1170</width>
		<height>324</height>
	</include>
	<include name="DialogMusicInfo_coords4_21:9">
		<width>1810</width>
		<height>324</height>
	</include>
	<include name="DialogMusicInfo_coords4_21:9_masked">
		<width>1810</width>
		<height>324</height>
	</include>
	<include name="DialogMusicInfo_coords4_4:3">
		<width>690</width>
		<height>324</height>
	</include>
	
	<include name="DialogMusicInfo_coords5">
		<include condition="String.IsEqual(Skin.AspectRatio,16:9) + True">DialogMusicInfo_coords5_16:9</include>
		<include condition="String.IsEqual(Skin.AspectRatio,21:9)">DialogMusicInfo_coords5_21:9</include>
		<include condition="String.IsEqual(Skin.AspectRatio,16:9) + False">DialogMusicInfo_coords5_21:9_masked</include>
		<include condition="String.IsEqual(Skin.AspectRatio,4:3)">DialogMusicInfo_coords5_4:3</include>
	</include>
	<include name="DialogMusicInfo_coords5_16:9">
		<height>36</height>
		<width>1170</width>
	</include>
	<include name="DialogMusicInfo_coords5_21:9">
		<height>36</height>
		<width>1810</width>
	</include>
	<include name="DialogMusicInfo_coords5_21:9_masked">
		<height>36</height>
		<width>1810</width>
	</include>
	<include name="DialogMusicInfo_coords5_4:3">
		<height>36</height>
		<width>690</width>
	</include>
	
	<include name="DialogMusicInfo_coords6">
		<include condition="String.IsEqual(Skin.AspectRatio,16:9) + True">DialogMusicInfo_coords6_16:9</include>
		<include condition="String.IsEqual(Skin.AspectRatio,21:9)">DialogMusicInfo_coords6_21:9</include>
		<include condition="String.IsEqual(Skin.AspectRatio,16:9) + False">DialogMusicInfo_coords6_21:9_masked</include>
		<include condition="String.IsEqual(Skin.AspectRatio,4:3)">DialogMusicInfo_coords6_4:3</include>
	</include>
	<include name="DialogMusicInfo_coords6_16:9">
		<width>200</width>
		<height>36</height>
	</include>
	<include name="DialogMusicInfo_coords6_21:9">
		<width>200</width>
		<height>36</height>
	</include>
	<include name="DialogMusicInfo_coords6_21:9_masked">
		<width>200</width>
		<height>36</height>
	</include>
	<include name="DialogMusicInfo_coords6_4:3">
		<width>200</width>
		<height>36</height>
	</include>
	
	<include name="DialogMusicInfo_coords7">
		<include condition="String.IsEqual(Skin.AspectRatio,16:9) + True">DialogMusicInfo_coords7_16:9</include>
		<include condition="String.IsEqual(Skin.AspectRatio,21:9)">DialogMusicInfo_coords7_21:9</include>
		<include condition="String.IsEqual(Skin.AspectRatio,16:9) + False">DialogMusicInfo_coords7_21:9_masked</include>
		<include condition="String.IsEqual(Skin.AspectRatio,4:3)">DialogMusicInfo_coords7_4:3</include>
	</include>
	<include name="DialogMusicInfo_coords7_16:9">
		<left>220</left>
		<width>950</width>
		<height>36</height>
	</include>
	<include name="DialogMusicInfo_coords7_21:9">
		<left>220</left>
		<width>1610</width>
		<height>36</height>
	</include>
	<include name="DialogMusicInfo_coords7_21:9_masked">
		<left>220</left>
		<width>1610</width>
		<height>36</height>
	</include>
	<include name="DialogMusicInfo_coords7_4:3">
		<left>220</left>
		<width>490</width>
		<height>36</height>
	</include>
	
	<include name="DialogMusicInfo_coords8">
		<include condition="String.IsEqual(Skin.AspectRatio,16:9) + True">DialogMusicInfo_coords8_16:9</include>
		<include condition="String.IsEqual(Skin.AspectRatio,21:9)">DialogMusicInfo_coords8_21:9</include>
		<include condition="String.IsEqual(Skin.AspectRatio,16:9) + False">DialogMusicInfo_coords8_21:9_masked</include>
		<include condition="String.IsEqual(Skin.AspectRatio,4:3)">DialogMusicInfo_coords8_4:3</include>
	</include>
	<include name="DialogMusicInfo_coords8_16:9">
		<top>336</top>
		<width>1170</width>
		<height>244</height>
	</include>
	<include name="DialogMusicInfo_coords8_21:9">
		<top>336</top>
		<width>1810</width>
		<height>244</height>
	</include>
	<include name="DialogMusicInfo_coords8_21:9_masked">
		<top>336</top>
		<width>1810</width>
		<height>244</height>
	</include>
	<include name="DialogMusicInfo_coords8_4:3">
		<top>336</top>
		<width>690</width>
		<height>244</height>
	</include>
	
	<include name="DialogMusicInfo_coords9">
		<include condition="String.IsEqual(Skin.AspectRatio,16:9) + True">DialogMusicInfo_coords9_16:9</include>
		<include condition="String.IsEqual(Skin.AspectRatio,21:9)">DialogMusicInfo_coords9_21:9</include>
		<include condition="String.IsEqual(Skin.AspectRatio,16:9) + False">DialogMusicInfo_coords9_21:9_masked</include>
		<include condition="String.IsEqual(Skin.AspectRatio,4:3)">DialogMusicInfo_coords9_4:3</include>
	</include>
	<include name="DialogMusicInfo_coords9_16:9">
		<left>580</left>
		<top>235</top>
		<width>20</width>
		<height>324</height>
	</include>
	<include name="DialogMusicInfo_coords9_21:9">
		<left>580</left>
		<top>235</top>
		<width>20</width>
		<height>324</height>
	</include>
	<include name="DialogMusicInfo_coords9_21:9_masked">
		<left>580</left>
		<top>415</top>
		<width>20</width>
		<height>324</height>
	</include>
	<include name="DialogMusicInfo_coords9_4:3">
		<left>580</left>
		<top>235</top>
		<width>20</width>
		<height>324</height>
	</include>

</includes>