<?xml version="1.0" encoding="UTF-8"?>
<includes>
	
	<include name="Viewtype521_coords1">
		<include condition="String.IsEqual(Skin.AspectRatio,16:9) + True">Viewtype521_coords1_16:9</include>
		<include condition="String.IsEqual(Skin.AspectRatio,21:9)">Viewtype521_coords1_21:9</include>
		<include condition="String.IsEqual(Skin.AspectRatio,16:9) + False">Viewtype521_coords1_21:9_masked</include>
		<include condition="String.IsEqual(Skin.AspectRatio,4:3)">Viewtype521_coords1_4:3</include>
	</include>
	<include name="Viewtype521_coords1_16:9">
		<left>0</left>
		<top>508</top>
		<width>1920</width>
		<height>274</height>
		<preloaditems>6</preloaditems>
		<focusposition>5</focusposition>
	</include>
	<include name="Viewtype521_coords1_21:9">
		<left>0</left>
		<top>508</top>
		<width>2560</width>
		<height>274</height>
		<preloaditems>8</preloaditems>
		<focusposition>7</focusposition>
	</include>
	<include name="Viewtype521_coords1_21:9_masked">
		<left>0</left>
		<top>688</top>
		<width>2560</width>
		<height>274</height>
		<preloaditems>8</preloaditems>
		<focusposition>7</focusposition>
	</include>
	<include name="Viewtype521_coords1_4:3">
		<left>0</left>
		<top>508</top>
		<width>1440</width>
		<height>274</height>
		<preloaditems>5</preloaditems>
		<focusposition>4</focusposition>
	</include>
	
	<include name="Viewtype521_coords2">
		<include condition="String.IsEqual(Skin.AspectRatio,16:9) + True">Viewtype521_coords2_16:9</include>
		<include condition="String.IsEqual(Skin.AspectRatio,21:9)">Viewtype521_coords2_21:9</include>
		<include condition="String.IsEqual(Skin.AspectRatio,16:9) + False">Viewtype521_coords2_21:9_masked</include>
		<include condition="String.IsEqual(Skin.AspectRatio,4:3)">Viewtype521_coords2_4:3</include>
	</include>
	<include name="Viewtype521_coords2_16:9">
		<itemlayout width="174" height="274">
			<!-- Image - Movies -->
			<include content="image-521">
				<param name="fallback">DefaultMovie.png</param>
				<param name="visible">Container.Content(movies)</param>
			</include>
			<!-- Image - TV Shows -->
			<include content="image-521">
				<param name="fallback">DefaultTVShows.png</param>
				<param name="visible">!Container.Content(movies)</param>
			</include>
			<!-- Collection -->
			<control type="group">
				<left>21</left>
				<bottom>0</bottom>
				<width>28</width>
				<height>28</height>
				<visible>ListItem.IsCollection</visible>
				<control type="image">
					<texture background="true">views/OverlayCornerLeft.png</texture>
					<colordiffuse>$VAR[DiffusePosterNF]</colordiffuse>
				</control>
				<control type="image">
					<texture background="true">views/OverlayCollection.png</texture>
					<colordiffuse>$VAR[DiffusePosterNF]</colordiffuse>
				</control>
			</control>
			<!-- Watched status -->
			<control type="group">
				<right>21</right>
				<bottom>0</bottom>
				<width>28</width>
				<height>28</height>
				<visible>!ListItem.IsCollection</visible>
				<control type="image">
					<texture background="true">views/OverlayCornerRight.png</texture>
					<colordiffuse>$VAR[DiffusePosterNF]</colordiffuse>
					<visible>!ListItem.IsCollection + [[ListItem.IsFolder + Integer.IsGreater(ListItem.Property(WatchedEpisodes),0) + Integer.IsGreater(ListItem.Property(UnWatchedEpisodes),0)] | String.IsEqual(ListItem.Overlay,OverlayWatched.png) | ListItem.IsResumable | !String.IsEmpty(ListItem.PlayCount)]</visible>
					<visible>[String.IsEqual(ListItem.DBTYPE,music) | String.IsEqual(ListItem.DBTYPE,song) | String.IsEqual(ListItem.DBTYPE,album) | String.IsEqual(ListItem.DBTYPE,artist)] + !Skin.HasSetting(MusicListenedToStatus) | [String.IsEqual(ListItem.DBTYPE,video) | String.IsEqual(ListItem.DBTYPE,movie) | String.IsEqual(ListItem.DBTYPE,tvshow) | String.IsEqual(ListItem.DBTYPE,season) | String.IsEqual(ListItem.DBTYPE,episode) | String.IsEqual(ListItem.DBTYPE,musicvideo)] + !Skin.HasSetting(VideoWatchedStatus)</visible>
				</control>
				<control type="image">
					<texture background="true">$VAR[StatusOverlayWide]</texture>
					<colordiffuse>$VAR[DiffusePosterNF]</colordiffuse>
				</control>
			</control>
		</itemlayout>
	</include>
	<include name="Viewtype521_coords2_21:9">
		<itemlayout width="170" height="274">
			<!-- Image - Movies -->
			<include content="image-521">
				<param name="fallback">DefaultMovie.png</param>
				<param name="visible">Container.Content(movies)</param>
			</include>
			<!-- Image - TV Shows -->
			<include content="image-521">
				<param name="fallback">DefaultTVShows.png</param>
				<param name="visible">!Container.Content(movies)</param>
			</include>
			<!-- Collection -->
			<control type="group">
				<left>19</left>
				<bottom>0</bottom>
				<width>28</width>
				<height>28</height>
				<visible>ListItem.IsCollection</visible>
				<control type="image">
					<texture background="true">views/OverlayCornerLeft.png</texture>
					<colordiffuse>$VAR[DiffusePosterNF]</colordiffuse>
				</control>
				<control type="image">
					<texture background="true">views/OverlayCollection.png</texture>
					<colordiffuse>$VAR[DiffusePosterNF]</colordiffuse>
				</control>
			</control>
			<!-- Watched status -->
			<control type="group">
				<right>19</right>
				<bottom>0</bottom>
				<width>28</width>
				<height>28</height>
				<visible>!ListItem.IsCollection</visible>
				<control type="image">
					<texture background="true">views/OverlayCornerRight.png</texture>
					<colordiffuse>$VAR[DiffusePosterNF]</colordiffuse>
					<visible>!ListItem.IsCollection + [[ListItem.IsFolder + Integer.IsGreater(ListItem.Property(WatchedEpisodes),0) + Integer.IsGreater(ListItem.Property(UnWatchedEpisodes),0)] | String.IsEqual(ListItem.Overlay,OverlayWatched.png) | ListItem.IsResumable | !String.IsEmpty(ListItem.PlayCount)]</visible>
					<visible>[String.IsEqual(ListItem.DBTYPE,music) | String.IsEqual(ListItem.DBTYPE,song) | String.IsEqual(ListItem.DBTYPE,album) | String.IsEqual(ListItem.DBTYPE,artist)] + !Skin.HasSetting(MusicListenedToStatus) | [String.IsEqual(ListItem.DBTYPE,video) | String.IsEqual(ListItem.DBTYPE,movie) | String.IsEqual(ListItem.DBTYPE,tvshow) | String.IsEqual(ListItem.DBTYPE,season) | String.IsEqual(ListItem.DBTYPE,episode) | String.IsEqual(ListItem.DBTYPE,musicvideo)] + !Skin.HasSetting(VideoWatchedStatus)</visible>
				</control>
				<control type="image">
					<texture background="true">$VAR[StatusOverlayWide]</texture>
					<colordiffuse>$VAR[DiffusePosterNF]</colordiffuse>
				</control>
			</control>
		</itemlayout>
	</include>
	<include name="Viewtype521_coords2_21:9_masked">
		<itemlayout width="170" height="274">
			<!-- Image - Movies -->
			<include content="image-521">
				<param name="fallback">DefaultMovie.png</param>
				<param name="visible">Container.Content(movies)</param>
			</include>
			<!-- Image - TV Shows -->
			<include content="image-521">
				<param name="fallback">DefaultTVShows.png</param>
				<param name="visible">!Container.Content(movies)</param>
			</include>
			<!-- Collection -->
			<control type="group">
				<left>19</left>
				<bottom>0</bottom>
				<width>28</width>
				<height>28</height>
				<visible>ListItem.IsCollection</visible>
				<control type="image">
					<texture background="true">views/OverlayCornerLeft.png</texture>
					<colordiffuse>$VAR[DiffusePosterNF]</colordiffuse>
				</control>
				<control type="image">
					<texture background="true">views/OverlayCollection.png</texture>
					<colordiffuse>$VAR[DiffusePosterNF]</colordiffuse>
				</control>
			</control>
			<!-- Watched status -->
			<control type="group">
				<right>19</right>
				<bottom>0</bottom>
				<width>28</width>
				<height>28</height>
				<visible>!ListItem.IsCollection</visible>
				<control type="image">
					<texture background="true">views/OverlayCornerRight.png</texture>
					<colordiffuse>$VAR[DiffusePosterNF]</colordiffuse>
					<visible>!ListItem.IsCollection + [[ListItem.IsFolder + Integer.IsGreater(ListItem.Property(WatchedEpisodes),0) + Integer.IsGreater(ListItem.Property(UnWatchedEpisodes),0)] | String.IsEqual(ListItem.Overlay,OverlayWatched.png) | ListItem.IsResumable | !String.IsEmpty(ListItem.PlayCount)]</visible>
					<visible>[String.IsEqual(ListItem.DBTYPE,music) | String.IsEqual(ListItem.DBTYPE,song) | String.IsEqual(ListItem.DBTYPE,album) | String.IsEqual(ListItem.DBTYPE,artist)] + !Skin.HasSetting(MusicListenedToStatus) | [String.IsEqual(ListItem.DBTYPE,video) | String.IsEqual(ListItem.DBTYPE,movie) | String.IsEqual(ListItem.DBTYPE,tvshow) | String.IsEqual(ListItem.DBTYPE,season) | String.IsEqual(ListItem.DBTYPE,episode) | String.IsEqual(ListItem.DBTYPE,musicvideo)] + !Skin.HasSetting(VideoWatchedStatus)</visible>
				</control>
				<control type="image">
					<texture background="true">$VAR[StatusOverlayWide]</texture>
					<colordiffuse>$VAR[DiffusePosterNF]</colordiffuse>
				</control>
			</control>
		</itemlayout>
	</include>
	<include name="Viewtype521_coords2_4:3">
		<itemlayout width="158" height="274">
			<!-- Image - Movies -->
			<include content="image-521">
				<param name="fallback">DefaultMovie.png</param>
				<param name="visible">Container.Content(movies)</param>
			</include>
			<!-- Image - TV Shows -->
			<include content="image-521">
				<param name="fallback">DefaultTVShows.png</param>
				<param name="visible">!Container.Content(movies)</param>
			</include>
			<!-- Collection -->
			<control type="group">
				<left>13</left>
				<bottom>0</bottom>
				<width>28</width>
				<height>28</height>
				<visible>ListItem.IsCollection</visible>
				<control type="image">
					<texture background="true">views/OverlayCornerLeft.png</texture>
					<colordiffuse>$VAR[DiffusePosterNF]</colordiffuse>
				</control>
				<control type="image">
					<texture background="true">views/OverlayCollection.png</texture>
					<colordiffuse>$VAR[DiffusePosterNF]</colordiffuse>
				</control>
			</control>
			<!-- Watched status -->
			<control type="group">
				<right>13</right>
				<bottom>0</bottom>
				<width>28</width>
				<height>28</height>
				<visible>!ListItem.IsCollection</visible>
				<control type="image">
					<texture background="true">views/OverlayCornerRight.png</texture>
					<colordiffuse>$VAR[DiffusePosterNF]</colordiffuse>
					<visible>!ListItem.IsCollection + [[ListItem.IsFolder + Integer.IsGreater(ListItem.Property(WatchedEpisodes),0) + Integer.IsGreater(ListItem.Property(UnWatchedEpisodes),0)] | String.IsEqual(ListItem.Overlay,OverlayWatched.png) | ListItem.IsResumable | !String.IsEmpty(ListItem.PlayCount)]</visible>
					<visible>[String.IsEqual(ListItem.DBTYPE,music) | String.IsEqual(ListItem.DBTYPE,song) | String.IsEqual(ListItem.DBTYPE,album) | String.IsEqual(ListItem.DBTYPE,artist)] + !Skin.HasSetting(MusicListenedToStatus) | [String.IsEqual(ListItem.DBTYPE,video) | String.IsEqual(ListItem.DBTYPE,movie) | String.IsEqual(ListItem.DBTYPE,tvshow) | String.IsEqual(ListItem.DBTYPE,season) | String.IsEqual(ListItem.DBTYPE,episode) | String.IsEqual(ListItem.DBTYPE,musicvideo)] + !Skin.HasSetting(VideoWatchedStatus)</visible>
				</control>
				<control type="image">
					<texture background="true">$VAR[StatusOverlayWide]</texture>
					<colordiffuse>$VAR[DiffusePosterNF]</colordiffuse>
				</control>
			</control>
		</itemlayout>
	</include>
	
	<include name="Viewtype521_coords3">
		<include condition="String.IsEqual(Skin.AspectRatio,16:9) + True">Viewtype521_coords3_16:9</include>
		<include condition="String.IsEqual(Skin.AspectRatio,21:9)">Viewtype521_coords3_21:9</include>
		<include condition="String.IsEqual(Skin.AspectRatio,16:9) + False">Viewtype521_coords3_21:9_masked</include>
		<include condition="String.IsEqual(Skin.AspectRatio,4:3)">Viewtype521_coords3_4:3</include>
	</include>
	<include name="Viewtype521_coords3_16:9">
		<focusedlayout width="180" height="274">
			<control type="group">
				<animation effect="zoom" start="73" end="100" center="90,137" time="300" tween="back" easing="out" reversible="false">Focus</animation>
				<!-- Image - Movies -->
				<include content="image-521-focus">
					<param name="fallback">DefaultMovie.png</param>
					<param name="visible">Container.Content(movies)</param>
				</include>
				<!-- Image - TV Shows -->
				<include content="image-521-focus">
					<param name="fallback">DefaultTVShows.png</param>
					<param name="visible">!Container.Content(movies)</param>
				</include>
				<!-- Collection -->
				<control type="group">
					<left>0</left>
					<bottom>0</bottom>
					<width>39</width>
					<height>39</height>
					<fadetime>200</fadetime>
					<visible>ListItem.IsCollection</visible>
					<control type="image">
						<texture background="true">views/OverlayCornerLeft.png</texture>
					</control>
					<control type="image">
						<texture background="true">views/OverlayCollection.png</texture>
					</control>
				</control>
				<!-- Watched status -->
				<control type="group">
					<right>0</right>
					<bottom>0</bottom>
					<width>39</width>
					<height>39</height>
					<fadetime>200</fadetime>
					<visible>!ListItem.IsCollection</visible>
					<control type="image">
						<texture background="true">views/OverlayCornerRight.png</texture>
						<visible>[ListItem.IsFolder + Integer.IsGreater(ListItem.Property(WatchedEpisodes),0) + Integer.IsGreater(ListItem.Property(UnWatchedEpisodes),0)] | String.IsEqual(ListItem.Overlay,OverlayWatched.png) | ListItem.IsResumable | !String.IsEmpty(ListItem.PlayCount)</visible>
						<visible>[String.IsEqual(ListItem.DBTYPE,music) | String.IsEqual(ListItem.DBTYPE,song) | String.IsEqual(ListItem.DBTYPE,album) | String.IsEqual(ListItem.DBTYPE,artist)] + !Skin.HasSetting(MusicListenedToStatus) | [String.IsEqual(ListItem.DBTYPE,video) | String.IsEqual(ListItem.DBTYPE,movie) | String.IsEqual(ListItem.DBTYPE,tvshow) | String.IsEqual(ListItem.DBTYPE,season) | String.IsEqual(ListItem.DBTYPE,episode) | String.IsEqual(ListItem.DBTYPE,musicvideo)] + !Skin.HasSetting(VideoWatchedStatus)</visible>
					</control>
					<control type="image">
						<texture background="true">$VAR[StatusOverlayWide]</texture>
					</control>
				</control>
			</control>
		</focusedlayout>
	</include>
	<include name="Viewtype521_coords3_21:9">
		<focusedlayout width="180" height="274">
			<control type="group">
				<animation effect="zoom" start="73" end="100" center="90,137" time="300" tween="back" easing="out" reversible="false">Focus</animation>
				<!-- Image - Movies -->
				<include content="image-521-focus">
					<param name="fallback">DefaultMovie.png</param>
					<param name="visible">Container.Content(movies)</param>
				</include>
				<!-- Image - TV Shows -->
				<include content="image-521-focus">
					<param name="fallback">DefaultTVShows.png</param>
					<param name="visible">!Container.Content(movies)</param>
				</include>
				<!-- Collection -->
				<control type="group">
					<left>0</left>
					<bottom>0</bottom>
					<width>39</width>
					<height>39</height>
					<fadetime>200</fadetime>
					<visible>ListItem.IsCollection</visible>
					<control type="image">
						<texture background="true">views/OverlayCornerLeft.png</texture>
					</control>
					<control type="image">
						<texture background="true">views/OverlayCollection.png</texture>
					</control>
				</control>
				<!-- Watched status -->
				<control type="group">
					<right>0</right>
					<bottom>0</bottom>
					<width>39</width>
					<height>39</height>
					<fadetime>200</fadetime>
					<visible>!ListItem.IsCollection</visible>
					<control type="image">
						<texture background="true">views/OverlayCornerRight.png</texture>
						<visible>[ListItem.IsFolder + Integer.IsGreater(ListItem.Property(WatchedEpisodes),0) + Integer.IsGreater(ListItem.Property(UnWatchedEpisodes),0)] | String.IsEqual(ListItem.Overlay,OverlayWatched.png) | ListItem.IsResumable | !String.IsEmpty(ListItem.PlayCount)</visible>
						<visible>[String.IsEqual(ListItem.DBTYPE,music) | String.IsEqual(ListItem.DBTYPE,song) | String.IsEqual(ListItem.DBTYPE,album) | String.IsEqual(ListItem.DBTYPE,artist)] + !Skin.HasSetting(MusicListenedToStatus) | [String.IsEqual(ListItem.DBTYPE,video) | String.IsEqual(ListItem.DBTYPE,movie) | String.IsEqual(ListItem.DBTYPE,tvshow) | String.IsEqual(ListItem.DBTYPE,season) | String.IsEqual(ListItem.DBTYPE,episode) | String.IsEqual(ListItem.DBTYPE,musicvideo)] + !Skin.HasSetting(VideoWatchedStatus)</visible>
					</control>
					<control type="image">
						<texture background="true">$VAR[StatusOverlayWide]</texture>
					</control>
				</control>
			</control>
		</focusedlayout>
	</include>
	<include name="Viewtype521_coords3_21:9_masked">
		<focusedlayout width="180" height="274">
			<control type="group">
				<animation effect="zoom" start="73" end="100" center="90,137" time="300" tween="back" easing="out" reversible="false">Focus</animation>
				<!-- Image - Movies -->
				<include content="image-521-focus">
					<param name="fallback">DefaultMovie.png</param>
					<param name="visible">Container.Content(movies)</param>
				</include>
				<!-- Image - TV Shows -->
				<include content="image-521-focus">
					<param name="fallback">DefaultTVShows.png</param>
					<param name="visible">!Container.Content(movies)</param>
				</include>
				<!-- Collection -->
				<control type="group">
					<left>0</left>
					<bottom>0</bottom>
					<width>39</width>
					<height>39</height>
					<fadetime>200</fadetime>
					<visible>ListItem.IsCollection</visible>
					<control type="image">
						<texture background="true">views/OverlayCornerLeft.png</texture>
					</control>
					<control type="image">
						<texture background="true">views/OverlayCollection.png</texture>
					</control>
				</control>
				<!-- Watched status -->
				<control type="group">
					<right>0</right>
					<bottom>0</bottom>
					<width>39</width>
					<height>39</height>
					<fadetime>200</fadetime>
					<visible>!ListItem.IsCollection</visible>
					<control type="image">
						<texture background="true">views/OverlayCornerRight.png</texture>
						<visible>[ListItem.IsFolder + Integer.IsGreater(ListItem.Property(WatchedEpisodes),0) + Integer.IsGreater(ListItem.Property(UnWatchedEpisodes),0)] | String.IsEqual(ListItem.Overlay,OverlayWatched.png) | ListItem.IsResumable | !String.IsEmpty(ListItem.PlayCount)</visible>
						<visible>[String.IsEqual(ListItem.DBTYPE,music) | String.IsEqual(ListItem.DBTYPE,song) | String.IsEqual(ListItem.DBTYPE,album) | String.IsEqual(ListItem.DBTYPE,artist)] + !Skin.HasSetting(MusicListenedToStatus) | [String.IsEqual(ListItem.DBTYPE,video) | String.IsEqual(ListItem.DBTYPE,movie) | String.IsEqual(ListItem.DBTYPE,tvshow) | String.IsEqual(ListItem.DBTYPE,season) | String.IsEqual(ListItem.DBTYPE,episode) | String.IsEqual(ListItem.DBTYPE,musicvideo)] + !Skin.HasSetting(VideoWatchedStatus)</visible>
					</control>
					<control type="image">
						<texture background="true">$VAR[StatusOverlayWide]</texture>
					</control>
				</control>
			</control>
		</focusedlayout>
	</include>
	<include name="Viewtype521_coords3_4:3">
		<focusedlayout width="180" height="274">
			<control type="group">
				<animation effect="zoom" start="73" end="100" center="90,137" time="300" tween="back" easing="out" reversible="false">Focus</animation>
				<!-- Image - Movies -->
				<include content="image-521-focus">
					<param name="fallback">DefaultMovie.png</param>
					<param name="visible">Container.Content(movies)</param>
				</include>
				<!-- Image - TV Shows -->
				<include content="image-521-focus">
					<param name="fallback">DefaultTVShows.png</param>
					<param name="visible">!Container.Content(movies)</param>
				</include>
				<!-- Collection -->
				<control type="group">
					<left>0</left>
					<bottom>0</bottom>
					<width>39</width>
					<height>39</height>
					<fadetime>200</fadetime>
					<visible>ListItem.IsCollection</visible>
					<control type="image">
						<texture background="true">views/OverlayCornerLeft.png</texture>
					</control>
					<control type="image">
						<texture background="true">views/OverlayCollection.png</texture>
					</control>
				</control>
				<!-- Watched status -->
				<control type="group">
					<right>0</right>
					<bottom>0</bottom>
					<width>39</width>
					<height>39</height>
					<fadetime>200</fadetime>
					<visible>!ListItem.IsCollection</visible>
					<control type="image">
						<texture background="true">views/OverlayCornerRight.png</texture>
						<visible>[ListItem.IsFolder + Integer.IsGreater(ListItem.Property(WatchedEpisodes),0) + Integer.IsGreater(ListItem.Property(UnWatchedEpisodes),0)] | String.IsEqual(ListItem.Overlay,OverlayWatched.png) | ListItem.IsResumable | !String.IsEmpty(ListItem.PlayCount)</visible>
						<visible>[String.IsEqual(ListItem.DBTYPE,music) | String.IsEqual(ListItem.DBTYPE,song) | String.IsEqual(ListItem.DBTYPE,album) | String.IsEqual(ListItem.DBTYPE,artist)] + !Skin.HasSetting(MusicListenedToStatus) | [String.IsEqual(ListItem.DBTYPE,video) | String.IsEqual(ListItem.DBTYPE,movie) | String.IsEqual(ListItem.DBTYPE,tvshow) | String.IsEqual(ListItem.DBTYPE,season) | String.IsEqual(ListItem.DBTYPE,episode) | String.IsEqual(ListItem.DBTYPE,musicvideo)] + !Skin.HasSetting(VideoWatchedStatus)</visible>
					</control>
					<control type="image">
						<texture background="true">$VAR[StatusOverlayWide]</texture>
					</control>
				</control>
			</control>
		</focusedlayout>
	</include>
	
	<include name="Viewtype521_coords4">
		<include condition="String.IsEqual(Skin.AspectRatio,16:9) + True">Viewtype521_coords4_16:9</include>
		<include condition="String.IsEqual(Skin.AspectRatio,21:9)">Viewtype521_coords4_21:9</include>
		<include condition="String.IsEqual(Skin.AspectRatio,16:9) + False">Viewtype521_coords4_21:9_masked</include>
		<include condition="String.IsEqual(Skin.AspectRatio,4:3)">Viewtype521_coords4_4:3</include>
	</include>
	<include name="Viewtype521_coords4_16:9">
		<centerleft>50%</centerleft>
		<top>850</top>
		<width>1680</width>
		<height>142</height>
	</include>
	<include name="Viewtype521_coords4_21:9">
		<centerleft>50%</centerleft>
		<top>850</top>
		<width>2320</width>
		<height>142</height>
	</include>
	<include name="Viewtype521_coords4_21:9_masked">
		<centerleft>50%</centerleft>
		<top>1030</top>
		<width>2320</width>
		<height>142</height>
	</include>
	<include name="Viewtype521_coords4_4:3">
		<centerleft>50%</centerleft>
		<top>850</top>
		<width>1200</width>
		<height>142</height>
	</include>
	
	<include name="Viewtype521_coords5">
		<include condition="String.IsEqual(Skin.AspectRatio,16:9) + True">Viewtype521_coords5_16:9</include>
		<include condition="String.IsEqual(Skin.AspectRatio,21:9)">Viewtype521_coords5_21:9</include>
		<include condition="String.IsEqual(Skin.AspectRatio,16:9) + False">Viewtype521_coords5_21:9_masked</include>
		<include condition="String.IsEqual(Skin.AspectRatio,4:3)">Viewtype521_coords5_4:3</include>
	</include>
	<include name="Viewtype521_coords5_16:9">
		<centerleft>50%</centerleft>
		<top>0</top>
		<width>1680</width>
		<height>72</height>
	</include>
	<include name="Viewtype521_coords5_21:9">
		<centerleft>50%</centerleft>
		<top>0</top>
		<width>2320</width>
		<height>72</height>
	</include>
	<include name="Viewtype521_coords5_21:9_masked">
		<centerleft>50%</centerleft>
		<top>0</top>
		<width>2320</width>
		<height>72</height>
	</include>
	<include name="Viewtype521_coords5_4:3">
		<centerleft>50%</centerleft>
		<top>0</top>
		<width>1200</width>
		<height>72</height>
	</include>
	
	<include name="Viewtype521_coords6">
		<include condition="String.IsEqual(Skin.AspectRatio,16:9) + True">Viewtype521_coords6_16:9</include>
		<include condition="String.IsEqual(Skin.AspectRatio,21:9)">Viewtype521_coords6_21:9</include>
		<include condition="String.IsEqual(Skin.AspectRatio,16:9) + False">Viewtype521_coords6_21:9_masked</include>
		<include condition="String.IsEqual(Skin.AspectRatio,4:3)">Viewtype521_coords6_4:3</include>
	</include>
	<include name="Viewtype521_coords6_16:9">
		<centerleft>50%</centerleft>
		<top>82</top>
		<width>800</width>
		<height>54</height>
	</include>
	<include name="Viewtype521_coords6_21:9">
		<centerleft>50%</centerleft>
		<top>82</top>
		<width>1440</width>
		<height>54</height>
	</include>
	<include name="Viewtype521_coords6_21:9_masked">
		<centerleft>50%</centerleft>
		<top>82</top>
		<width>1440</width>
		<height>54</height>
	</include>
	<include name="Viewtype521_coords6_4:3">
		<centerleft>50%</centerleft>
		<top>82</top>
		<width>320</width>
		<height>54</height>
	</include>
	
	<include name="Viewtype521_coords7">
		<include condition="String.IsEqual(Skin.AspectRatio,16:9) + True">Viewtype521_coords7_16:9</include>
		<include condition="String.IsEqual(Skin.AspectRatio,21:9)">Viewtype521_coords7_21:9</include>
		<include condition="String.IsEqual(Skin.AspectRatio,16:9) + False">Viewtype521_coords7_21:9_masked</include>
		<include condition="String.IsEqual(Skin.AspectRatio,4:3)">Viewtype521_coords7_4:3</include>
	</include>
	<include name="Viewtype521_coords7_16:9">
		<bottom>0</bottom>
		<left>21</left>
		<width>132</width>
		<height>200</height>
	</include>
	<include name="Viewtype521_coords7_21:9">
		<bottom>0</bottom>
		<left>19</left>
		<width>132</width>
		<height>200</height>
	</include>
	<include name="Viewtype521_coords7_21:9_masked">
		<bottom>0</bottom>
		<left>19</left>
		<width>132</width>
		<height>200</height>
	</include>
	<include name="Viewtype521_coords7_4:3">
		<bottom>0</bottom>
		<left>13</left>
		<width>132</width>
		<height>200</height>
	</include>
	
	<include name="Viewtype521_coords8">
		<include condition="String.IsEqual(Skin.AspectRatio,16:9) + True">Viewtype521_coords8_16:9</include>
		<include condition="String.IsEqual(Skin.AspectRatio,21:9)">Viewtype521_coords8_21:9</include>
		<include condition="String.IsEqual(Skin.AspectRatio,16:9) + False">Viewtype521_coords8_21:9_masked</include>
		<include condition="String.IsEqual(Skin.AspectRatio,4:3)">Viewtype521_coords8_4:3</include>
	</include>
	<include name="Viewtype521_coords8_16:9">
		<bottom>0</bottom>
		<left>0</left>
		<width>180</width>
		<height>274</height>
	</include>
	<include name="Viewtype521_coords8_21:9">
		<bottom>0</bottom>
		<left>0</left>
		<width>180</width>
		<height>274</height>
	</include>
	<include name="Viewtype521_coords8_21:9_masked">
		<bottom>0</bottom>
		<left>0</left>
		<width>180</width>
		<height>274</height>
	</include>
	<include name="Viewtype521_coords8_4:3">
		<bottom>0</bottom>
		<left>0</left>
		<width>180</width>
		<height>274</height>
	</include>

</includes>