<?xml version="1.0" encoding="UTF-8"?>
<includes>

	<include name="DialogVideoInfo_coords1">
		<include condition="String.IsEqual(Skin.AspectRatio,16:9) + True">DialogVideoInfo_coords1_16:9</include>
		<include condition="String.IsEqual(Skin.AspectRatio,21:9)">DialogVideoInfo_coords1_21:9</include>
		<include condition="String.IsEqual(Skin.AspectRatio,16:9) + False">DialogVideoInfo_coords1_21:9_masked</include>
		<include condition="String.IsEqual(Skin.AspectRatio,4:3)">DialogVideoInfo_coords1_4:3</include>
	</include>
	<include name="DialogVideoInfo_coords1_16:9">
		<left>150</left>
		<top>225</top>
		<width>405</width>
		<height>600</height>
	</include>
	<include name="DialogVideoInfo_coords1_21:9">
		<left>150</left>
		<top>225</top>
		<width>405</width>
		<height>600</height>
	</include>
	<include name="DialogVideoInfo_coords1_21:9_masked">
		<left>150</left>
		<top>405</top>
		<width>405</width>
		<height>600</height>
	</include>
	<include name="DialogVideoInfo_coords1_4:3">
		<left>150</left>
		<top>225</top>
		<width>405</width>
		<height>600</height>
	</include>
	
	<include name="DialogVideoInfo_coords2">
		<include condition="String.IsEqual(Skin.AspectRatio,16:9) + True">DialogVideoInfo_coords2_16:9</include>
		<include condition="String.IsEqual(Skin.AspectRatio,21:9)">DialogVideoInfo_coords2_21:9</include>
		<include condition="String.IsEqual(Skin.AspectRatio,16:9) + False">DialogVideoInfo_coords2_21:9_masked</include>
		<include condition="String.IsEqual(Skin.AspectRatio,4:3)">DialogVideoInfo_coords2_4:3</include>
	</include>
	<include name="DialogVideoInfo_coords2_16:9">
		<left>150</left>
		<bottom>180</bottom>
		<width>1620</width>
		<height>36</height>
	</include>
	<include name="DialogVideoInfo_coords2_21:9">
		<left>150</left>
		<bottom>180</bottom>
		<width>2260</width>
		<height>36</height>
	</include>
	<include name="DialogVideoInfo_coords2_21:9_masked">
		<left>150</left>
		<bottom>360</bottom>
		<width>2260</width>
		<height>36</height>
	</include>
	<include name="DialogVideoInfo_coords2_4:3">
		<left>150</left>
		<top>225</top>
		<width>405</width>
		<height>600</height>
	</include>
	
	<include name="DialogVideoInfo_coords3">
		<include condition="String.IsEqual(Skin.AspectRatio,16:9) + True">DialogVideoInfo_coords3_16:9</include>
		<include condition="String.IsEqual(Skin.AspectRatio,21:9)">DialogVideoInfo_coords3_21:9</include>
		<include condition="String.IsEqual(Skin.AspectRatio,16:9) + False">DialogVideoInfo_coords3_21:9_masked</include>
		<include condition="String.IsEqual(Skin.AspectRatio,4:3)">DialogVideoInfo_coords3_4:3</include>
	</include>
	<include name="DialogVideoInfo_coords3_16:9">
		<left>600</left>
		<top>235</top>
	</include>
	<include name="DialogVideoInfo_coords3_21:9">
		<left>600</left>
		<top>235</top>
	</include>
	<include name="DialogVideoInfo_coords3_21:9_masked">
		<left>600</left>
		<top>415</top>
	</include>
	<include name="DialogVideoInfo_coords3_4:3">
		<left>600</left>
		<top>235</top>
	</include>
	
	<include name="DialogVideoInfo_coords4">
		<include condition="String.IsEqual(Skin.AspectRatio,16:9) + True">DialogVideoInfo_coords4_16:9</include>
		<include condition="String.IsEqual(Skin.AspectRatio,21:9)">DialogVideoInfo_coords4_21:9</include>
		<include condition="String.IsEqual(Skin.AspectRatio,16:9) + False">DialogVideoInfo_coords4_21:9_masked</include>
		<include condition="String.IsEqual(Skin.AspectRatio,4:3)">DialogVideoInfo_coords4_4:3</include>
	</include>
	<include name="DialogVideoInfo_coords4_16:9">
		<width>1170</width>
		<height>580</height>
	</include>
	<include name="DialogVideoInfo_coords4_21:9">
		<width>1810</width>
		<height>580</height>
	</include>
	<include name="DialogVideoInfo_coords4_21:9_masked">
		<width>1810</width>
		<height>580</height>
	</include>
	<include name="DialogVideoInfo_coords4_4:3">
		<width>690</width>
		<height>580</height>
	</include>
	
	<include name="DialogVideoInfo_coords5">
		<include condition="String.IsEqual(Skin.AspectRatio,16:9) + True">DialogVideoInfo_coords5_16:9</include>
		<include condition="String.IsEqual(Skin.AspectRatio,21:9)">DialogVideoInfo_coords5_21:9</include>
		<include condition="String.IsEqual(Skin.AspectRatio,16:9) + False">DialogVideoInfo_coords5_21:9_masked</include>
		<include condition="String.IsEqual(Skin.AspectRatio,4:3)">DialogVideoInfo_coords5_4:3</include>
	</include>
	<include name="DialogVideoInfo_coords5_16:9">
		<height>36</height>
		<width>1170</width>
	</include>
	<include name="DialogVideoInfo_coords5_21:9">
		<height>36</height>
		<width>1810</width>
	</include><include name="DialogVideoInfo_coords5_21:9_masked">
		<height>36</height>
		<width>1810</width>
	</include>
	<include name="DialogVideoInfo_coords5_4:3">
		<height>36</height>
		<width>690</width>
	</include>
	
	<include name="DialogVideoInfo_coords6">
		<include condition="String.IsEqual(Skin.AspectRatio,16:9) + True">DialogVideoInfo_coords6_16:9</include>
		<include condition="String.IsEqual(Skin.AspectRatio,21:9)">DialogVideoInfo_coords6_21:9</include>
		<include condition="String.IsEqual(Skin.AspectRatio,16:9) + False">DialogVideoInfo_coords6_21:9_masked</include>
		<include condition="String.IsEqual(Skin.AspectRatio,4:3)">DialogVideoInfo_coords6_4:3</include>
	</include>
	<include name="DialogVideoInfo_coords6_16:9">
		<width>200</width>
		<height>36</height>
	</include>
	<include name="DialogVideoInfo_coords6_21:9">
		<width>200</width>
		<height>36</height>
	</include>
	<include name="DialogVideoInfo_coords6_21:9_masked">
		<width>200</width>
		<height>36</height>
	</include>
	<include name="DialogVideoInfo_coords6_4:3">
		<width>200</width>
		<height>36</height>
	</include>
	
	<include name="DialogVideoInfo_coords7">
		<include condition="String.IsEqual(Skin.AspectRatio,16:9) + True">DialogVideoInfo_coords7_16:9</include>
		<include condition="String.IsEqual(Skin.AspectRatio,21:9)">DialogVideoInfo_coords7_21:9</include>
		<include condition="String.IsEqual(Skin.AspectRatio,16:9) + False">DialogVideoInfo_coords7_21:9_masked</include>
		<include condition="String.IsEqual(Skin.AspectRatio,4:3)">DialogVideoInfo_coords7_4:3</include>
	</include>
	<include name="DialogVideoInfo_coords7_16:9">
		<left>220</left>
		<width>950</width>
		<height>36</height>
	</include>
	<include name="DialogVideoInfo_coords7_21:9">
		<left>220</left>
		<width>1610</width>
		<height>36</height>
	</include>
	<include name="DialogVideoInfo_coords7_21:9_masked">
		<left>220</left>
		<width>1610</width>
		<height>36</height>
	</include>
	<include name="DialogVideoInfo_coords7_4:3">
		<left>220</left>
		<width>490</width>
		<height>36</height>
	</include>
	
	<include name="DialogVideoInfo_coords8">
		<include condition="String.IsEqual(Skin.AspectRatio,16:9) + True">DialogVideoInfo_coords8_16:9</include>
		<include condition="String.IsEqual(Skin.AspectRatio,21:9)">DialogVideoInfo_coords8_21:9</include>
		<include condition="String.IsEqual(Skin.AspectRatio,16:9) + False">DialogVideoInfo_coords8_21:9_masked</include>
		<include condition="String.IsEqual(Skin.AspectRatio,4:3)">DialogVideoInfo_coords8_4:3</include>
	</include>
	<include name="DialogVideoInfo_coords8_16:9">
		<top>580</top>
		<width>1170</width>
		<height>580</height>
	</include>
	<include name="DialogVideoInfo_coords8_21:9">
		<top>580</top>
		<width>1810</width>
		<height>580</height>
	</include>
	<include name="DialogVideoInfo_coords8_21:9_masked">
		<top>580</top>
		<width>1810</width>
		<height>580</height>
	</include>
	<include name="DialogVideoInfo_coords8_4:3">
		<top>580</top>
		<width>690</width>
		<height>580</height>
	</include>
	
	<include name="DialogVideoInfo_coords9">
		<include condition="String.IsEqual(Skin.AspectRatio,16:9) + True">DialogVideoInfo_coords9_16:9</include>
		<include condition="String.IsEqual(Skin.AspectRatio,21:9)">DialogVideoInfo_coords9_21:9</include>
		<include condition="String.IsEqual(Skin.AspectRatio,16:9) + False">DialogVideoInfo_coords9_21:9_masked</include>
		<include condition="String.IsEqual(Skin.AspectRatio,4:3)">DialogVideoInfo_coords9_4:3</include>
	</include>
	<include name="DialogVideoInfo_coords9_16:9">
		<left>630</left>
		<top>235</top>
		<width>1140</width>
		<height>580</height>
	</include>
	<include name="DialogVideoInfo_coords9_21:9">
		<left>630</left>
		<top>235</top>
		<width>1780</width>
		<height>580</height>
	</include>
	<include name="DialogVideoInfo_coords9_21:9_masked">
		<left>630</left>
		<top>415</top>
		<width>1780</width>
		<height>580</height>
	</include>
	<include name="DialogVideoInfo_coords9_4:3">
		<left>630</left>
		<top>235</top>
		<width>660</width>
		<height>580</height>
	</include>
	
	<include name="DialogVideoInfo_coords10">
		<include condition="String.IsEqual(Skin.AspectRatio,16:9) + True">DialogVideoInfo_coords10_16:9</include>
		<include condition="String.IsEqual(Skin.AspectRatio,21:9)">DialogVideoInfo_coords10_21:9</include>
		<include condition="String.IsEqual(Skin.AspectRatio,16:9) + False">DialogVideoInfo_coords10_21:9_masked</include>
		<include condition="String.IsEqual(Skin.AspectRatio,4:3)">DialogVideoInfo_coords10_4:3</include>
	</include>
	<include name="DialogVideoInfo_coords10_16:9">
		<itemlayout width="1170" height="58">
			<control type="label">
				<width>1170</width>
				<height>58</height>
				<font>Font36</font>
				<textcolor>$VAR[TextColor2]</textcolor>
				<label>[B]$INFO[ListItem.Label][/B] - $INFO[ListItem.Label2]</label>
			</control>
		</itemlayout>
	</include>
	<include name="DialogVideoInfo_coords10_21:9">
		<itemlayout width="1780" height="58">
			<control type="label">
				<width>1780</width>
				<height>58</height>
				<font>Font36</font>
				<textcolor>$VAR[TextColor2]</textcolor>
				<label>[B]$INFO[ListItem.Label][/B] - $INFO[ListItem.Label2]</label>
			</control>
		</itemlayout>
	</include>
	<include name="DialogVideoInfo_coords10_21:9_masked">
		<itemlayout width="1780" height="58">
			<control type="label">
				<width>1780</width>
				<height>58</height>
				<font>Font36</font>
				<textcolor>$VAR[TextColor2]</textcolor>
				<label>[B]$INFO[ListItem.Label][/B] - $INFO[ListItem.Label2]</label>
			</control>
		</itemlayout>
	</include>
	<include name="DialogVideoInfo_coords10_4:3">
		<itemlayout width="660" height="58">
			<control type="label">
				<width>660</width>
				<height>58</height>
				<font>Font36</font>
				<textcolor>$VAR[TextColor2]</textcolor>
				<label>[B]$INFO[ListItem.Label][/B] - $INFO[ListItem.Label2]</label>
			</control>
		</itemlayout>
	</include>
	
	<include name="DialogVideoInfo_coords11">
		<include condition="String.IsEqual(Skin.AspectRatio,16:9) + True">DialogVideoInfo_coords11_16:9</include>
		<include condition="String.IsEqual(Skin.AspectRatio,21:9)">DialogVideoInfo_coords11_21:9</include>
		<include condition="String.IsEqual(Skin.AspectRatio,16:9) + False">DialogVideoInfo_coords11_21:9_masked</include>
		<include condition="String.IsEqual(Skin.AspectRatio,4:3)">DialogVideoInfo_coords11_4:3</include>
	</include>
	<include name="DialogVideoInfo_coords11_16:9">
		<focusedlayout width="1170" height="58">
			<control type="label">
				<width>1170</width>
				<height>58</height>
				<font>Font36</font>
				<textcolor>$VAR[TextColor1]</textcolor>
				<label>[B]$INFO[ListItem.Label][/B] - $INFO[ListItem.Label2]</label>
				<visible>Control.HasFocus(50)</visible>
			</control>
			<control type="image">
				<width>1170</width>
				<height>58</height>
				<texture colordiffuse="$VAR[TextColor1]">$VAR[focus58]</texture>
				<visible>Control.HasFocus(50)</visible>
			</control>
			<control type="label">
				<width>1170</width>
				<height>58</height>
				<font>Font36</font>
				<textcolor>$VAR[TextColor2]</textcolor>
				<label>[B]$INFO[ListItem.Label][/B] - $INFO[ListItem.Label2]</label>
				<visible>!Control.HasFocus(50)</visible>
			</control>
			<control type="image">
				<width>1170</width>
				<height>58</height>
				<texture colordiffuse="$VAR[TextColor2]">$VAR[focus58]</texture>
				<visible>!Control.HasFocus(50)</visible>
			</control>
		</focusedlayout>
	</include>
	<include name="DialogVideoInfo_coords11_21:9">
		<focusedlayout width="1780" height="58">
			<control type="label">
				<width>1780</width>
				<height>58</height>
				<font>Font36</font>
				<textcolor>$VAR[TextColor1]</textcolor>
				<label>[B]$INFO[ListItem.Label][/B] - $INFO[ListItem.Label2]</label>
				<visible>Control.HasFocus(50)</visible>
			</control>
			<control type="image">
				<width>1780</width>
				<height>58</height>
				<texture colordiffuse="$VAR[TextColor1]">$VAR[focus58]</texture>
				<visible>Control.HasFocus(50)</visible>
			</control>
			<control type="label">
				<width>1780</width>
				<height>58</height>
				<font>Font36</font>
				<textcolor>$VAR[TextColor2]</textcolor>
				<label>[B]$INFO[ListItem.Label][/B] - $INFO[ListItem.Label2]</label>
				<visible>!Control.HasFocus(50)</visible>
			</control>
			<control type="image">
				<width>1780</width>
				<height>58</height>
				<texture colordiffuse="$VAR[TextColor2]">$VAR[focus58]</texture>
				<visible>!Control.HasFocus(50)</visible>
			</control>
		</focusedlayout>
	</include>
	<include name="DialogVideoInfo_coords11_21:9_masked">
		<focusedlayout width="1780" height="58">
			<control type="label">
				<width>1780</width>
				<height>58</height>
				<font>Font36</font>
				<textcolor>$VAR[TextColor1]</textcolor>
				<label>[B]$INFO[ListItem.Label][/B] - $INFO[ListItem.Label2]</label>
				<visible>Control.HasFocus(50)</visible>
			</control>
			<control type="image">
				<width>1780</width>
				<height>58</height>
				<texture colordiffuse="$VAR[TextColor1]">$VAR[focus58]</texture>
				<visible>Control.HasFocus(50)</visible>
			</control>
			<control type="label">
				<width>1780</width>
				<height>58</height>
				<font>Font36</font>
				<textcolor>$VAR[TextColor2]</textcolor>
				<label>[B]$INFO[ListItem.Label][/B] - $INFO[ListItem.Label2]</label>
				<visible>!Control.HasFocus(50)</visible>
			</control>
			<control type="image">
				<width>1780</width>
				<height>58</height>
				<texture colordiffuse="$VAR[TextColor2]">$VAR[focus58]</texture>
				<visible>!Control.HasFocus(50)</visible>
			</control>
		</focusedlayout>
	</include>
	<include name="DialogVideoInfo_coords11_4:3">
		<focusedlayout width="660" height="58">
			<control type="label">
				<width>660</width>
				<height>58</height>
				<font>Font36</font>
				<textcolor>$VAR[TextColor1]</textcolor>
				<label>[B]$INFO[ListItem.Label][/B] - $INFO[ListItem.Label2]</label>
				<visible>Control.HasFocus(50)</visible>
				<scroll>True</scroll>
			</control>
			<control type="image">
				<width>660</width>
				<height>58</height>
				<texture colordiffuse="$VAR[TextColor1]">$VAR[focus58]</texture>
				<visible>Control.HasFocus(50)</visible>
			</control>
			<control type="label">
				<width>660</width>
				<height>58</height>
				<font>Font36</font>
				<textcolor>$VAR[TextColor2]</textcolor>
				<label>[B]$INFO[ListItem.Label][/B] - $INFO[ListItem.Label2]</label>
				<visible>!Control.HasFocus(50)</visible>
				<scroll>True</scroll>
			</control>
			<control type="image">
				<width>660</width>
				<height>58</height>
				<texture colordiffuse="$VAR[TextColor2]">$VAR[focus58]</texture>
				<visible>!Control.HasFocus(50)</visible>
			</control>
		</focusedlayout>
	</include>
	
	<include name="DialogVideoInfo_coords12">
		<include condition="String.IsEqual(Skin.AspectRatio,16:9) + True">DialogVideoInfo_coords12_16:9</include>
		<include condition="String.IsEqual(Skin.AspectRatio,21:9)">DialogVideoInfo_coords12_21:9</include>
		<include condition="String.IsEqual(Skin.AspectRatio,16:9) + False">DialogVideoInfo_coords12_21:9_masked</include>
		<include condition="String.IsEqual(Skin.AspectRatio,4:3)">DialogVideoInfo_coords12_4:3</include>
	</include>
	<include name="DialogVideoInfo_coords12_16:9">
		<left>593</left>
		<top>235</top>
		<width>20</width>
		<height>580</height>
	</include>
	<include name="DialogVideoInfo_coords12_21:9">
		<left>593</left>
		<top>235</top>
		<width>20</width>
		<height>580</height>
	</include>
	<include name="DialogVideoInfo_coords12_21:9_masked">
		<left>593</left>
		<top>415</top>
		<width>20</width>
		<height>580</height>
	</include>
	<include name="DialogVideoInfo_coords12_4:3">
		<left>593</left>
		<top>235</top>
		<width>20</width>
		<height>580</height>
	</include>
	
	<include name="DialogVideoInfo_coords13">
		<include condition="String.IsEqual(Skin.AspectRatio,16:9) + True">DialogVideoInfo_coords13_16:9</include>
		<include condition="String.IsEqual(Skin.AspectRatio,21:9)">DialogVideoInfo_coords13_21:9</include>
		<include condition="String.IsEqual(Skin.AspectRatio,16:9) + False">DialogVideoInfo_coords13_21:9_masked</include>
		<include condition="String.IsEqual(Skin.AspectRatio,4:3)">DialogVideoInfo_coords13_4:3</include>
	</include>
	<include name="DialogVideoInfo_coords13_16:9">
		<left>150</left>
		<top>235</top>
	</include>
	<include name="DialogVideoInfo_coords13_21:9">
		<left>150</left>
		<top>235</top>
	</include>
	<include name="DialogVideoInfo_coords13_21:9_masked">
		<left>150</left>
		<top>415</top>
	</include>
	<include name="DialogVideoInfo_coords13_4:3">
		<left>150</left>
		<top>235</top>
	</include>
	
	<include name="DialogVideoInfo_coords14">
		<include condition="String.IsEqual(Skin.AspectRatio,16:9) + True">DialogVideoInfo_coords14_16:9</include>
		<include condition="String.IsEqual(Skin.AspectRatio,21:9)">DialogVideoInfo_coords14_21:9</include>
		<include condition="String.IsEqual(Skin.AspectRatio,16:9) + False">DialogVideoInfo_coords14_21:9_masked</include>
		<include condition="String.IsEqual(Skin.AspectRatio,4:3)">DialogVideoInfo_coords14_4:3</include>
	</include>
	<include name="DialogVideoInfo_coords14_16:9">
		<width>550</width>
		<height>580</height>
	</include>
	<include name="DialogVideoInfo_coords14_21:9">
		<width>550</width>
		<height>580</height>
	</include>
	<include name="DialogVideoInfo_coords14_21:9_masked">
		<width>550</width>
		<height>580</height>
	</include>
	<include name="DialogVideoInfo_coords14_4:3">
		<width>550</width>
		<height>580</height>
	</include>
	
	<include name="DialogVideoInfo_coords15">
		<include condition="String.IsEqual(Skin.AspectRatio,16:9) + True">DialogVideoInfo_coords15_16:9</include>
		<include condition="String.IsEqual(Skin.AspectRatio,21:9)">DialogVideoInfo_coords15_21:9</include>
		<include condition="String.IsEqual(Skin.AspectRatio,16:9) + False">DialogVideoInfo_coords15_21:9_masked</include>
		<include condition="String.IsEqual(Skin.AspectRatio,4:3)">DialogVideoInfo_coords15_4:3</include>
	</include>
	<include name="DialogVideoInfo_coords15_16:9">
		<height>36</height>
	</include>
	<include name="DialogVideoInfo_coords15_21:9">
		<height>36</height>
	</include>
	<include name="DialogVideoInfo_coords15_21:9_masked">
		<height>36</height>
	</include>
	<include name="DialogVideoInfo_coords15_4:3">
		<height>36</height>
	</include>
	
	<include name="DialogVideoInfo_coords16">
		<include condition="String.IsEqual(Skin.AspectRatio,16:9) + True">DialogVideoInfo_coords16_16:9</include>
		<include condition="String.IsEqual(Skin.AspectRatio,21:9)">DialogVideoInfo_coords16_21:9</include>
		<include condition="String.IsEqual(Skin.AspectRatio,16:9) + False">DialogVideoInfo_coords16_21:9_masked</include>
		<include condition="String.IsEqual(Skin.AspectRatio,4:3)">DialogVideoInfo_coords16_4:3</include>
	</include>
	<include name="DialogVideoInfo_coords16_16:9">
		<height>14</height>
	</include>
	<include name="DialogVideoInfo_coords16_21:9">
		<height>14</height>
	</include>
	<include name="DialogVideoInfo_coords16_21:9_masked">
		<height>14</height>
	</include>
	<include name="DialogVideoInfo_coords16_4:3">
		<height>14</height>
	</include>
	
	<include name="DialogVideoInfo_coords17">
		<include condition="String.IsEqual(Skin.AspectRatio,16:9) + True">DialogVideoInfo_coords17_16:9</include>
		<include condition="String.IsEqual(Skin.AspectRatio,21:9)">DialogVideoInfo_coords17_21:9</include>
		<include condition="String.IsEqual(Skin.AspectRatio,16:9) + False">DialogVideoInfo_coords17_21:9_masked</include>
		<include condition="String.IsEqual(Skin.AspectRatio,4:3)">DialogVideoInfo_coords17_4:3</include>
	</include>
	<include name="DialogVideoInfo_coords17_16:9">
		<left>600</left>
		<top>235</top>
		<width>1170</width>
		<height>580</height>
	</include>
	<include name="DialogVideoInfo_coords17_21:9">
		<left>600</left>
		<top>235</top>
		<width>1810</width>
		<height>580</height>
	</include>
	<include name="DialogVideoInfo_coords17_21:9_masked">
		<left>600</left>
		<top>415</top>
		<width>1810</width>
		<height>580</height>
	</include>
	<include name="DialogVideoInfo_coords17_4:3">
		<left>600</left>
		<top>235</top>
		<width>690</width>
		<height>580</height>
	</include>

</includes>