<?xml version="1.0" encoding="UTF-8"?>
<includes>

	<include name="DialogKeyboard_coords1">
		<include condition="String.IsEqual(Skin.AspectRatio,16:9) + True">DialogKeyboard_coords1_16:9</include>
		<include condition="String.IsEqual(Skin.AspectRatio,21:9)">DialogKeyboard_coords1_21:9</include>
		<include condition="String.IsEqual(Skin.AspectRatio,16:9) + False">DialogKeyboard_coords1_21:9_masked</include>
		<include condition="String.IsEqual(Skin.AspectRatio,4:3)">DialogKeyboard_coords1_4:3</include>
	</include>
	<include name="DialogKeyboard_coords1_16:9">
		<left>150</left>
		<top>180</top>
		<width>360</width>
		<height>660</height>
	</include>
	<include name="DialogKeyboard_coords1_21:9">
		<left>150</left>
		<top>180</top>
		<width>360</width>
		<height>660</height>
	</include>
	<include name="DialogKeyboard_coords1_21:9_masked">
		<left>150</left>
		<top>360</top>
		<width>360</width>
		<height>660</height>
	</include>
	<include name="DialogKeyboard_coords1_4:3">
		<left>150</left>
		<top>180</top>
		<width>260</width>
		<height>660</height>
	</include>
	
	<include name="DialogKeyboard_coords2">
		<include condition="String.IsEqual(Skin.AspectRatio,16:9) + True">DialogKeyboard_coords2_16:9</include>
		<include condition="String.IsEqual(Skin.AspectRatio,21:9)">DialogKeyboard_coords2_21:9</include>
		<include condition="String.IsEqual(Skin.AspectRatio,16:9) + False">DialogKeyboard_coords2_21:9_masked</include>
		<include condition="String.IsEqual(Skin.AspectRatio,4:3)">DialogKeyboard_coords2_4:3</include>
	</include>
	<include name="DialogKeyboard_coords2_16:9">
		<width>360</width>
		<height>74</height>
	</include>
	<include name="DialogKeyboard_coords2_21:9">
		<width>360</width>
		<height>74</height>
	</include>
	<include name="DialogKeyboard_coords2_21:9_masked">
		<width>360</width>
		<height>74</height>
	</include>
	<include name="DialogKeyboard_coords2_4:3">
		<width>260</width>
		<height>74</height>
	</include>
	
	<include name="DialogKeyboard_coords3">
		<include condition="String.IsEqual(Skin.AspectRatio,16:9) + True">DialogKeyboard_coords3_16:9</include>
		<include condition="String.IsEqual(Skin.AspectRatio,21:9)">DialogKeyboard_coords3_21:9</include>
		<include condition="String.IsEqual(Skin.AspectRatio,16:9) + False">DialogKeyboard_coords3_21:9_masked</include>
		<include condition="String.IsEqual(Skin.AspectRatio,4:3)">DialogKeyboard_coords3_4:3</include>
	</include>
	<include name="DialogKeyboard_coords3_16:9">
		<left>550</left>
		<top>180</top>
	</include>
	<include name="DialogKeyboard_coords3_21:9">
		<left>550</left>
		<top>180</top>
	</include>
	<include name="DialogKeyboard_coords3_21:9_masked">
		<left>550</left>
		<top>360</top>
	</include>
	<include name="DialogKeyboard_coords3_4:3">
		<left>450</left>
		<top>180</top>
	</include>
	
	<include name="DialogKeyboard_coords4">
		<include condition="String.IsEqual(Skin.AspectRatio,16:9) + True">DialogKeyboard_coords4_16:9</include>
		<include condition="String.IsEqual(Skin.AspectRatio,21:9)">DialogKeyboard_coords4_21:9</include>
		<include condition="String.IsEqual(Skin.AspectRatio,16:9) + False">DialogKeyboard_coords4_21:9_masked</include>
		<include condition="String.IsEqual(Skin.AspectRatio,4:3)">DialogKeyboard_coords4_4:3</include>
	</include>
	<include name="DialogKeyboard_coords4_16:9">
		<width>1170</width>
		<height>74</height>
	</include>
	<include name="DialogKeyboard_coords4_21:9">
		<width>1810</width>
		<height>74</height>
	</include>
	<include name="DialogKeyboard_coords4_21:9_masked">
		<width>1810</width>
		<height>74</height>
	</include>
	<include name="DialogKeyboard_coords4_4:3">
		<width>840</width>
		<height>74</height>
	</include>
	
	<include name="DialogKeyboard_coords5">
		<include condition="String.IsEqual(Skin.AspectRatio,16:9) + True">DialogKeyboard_coords5_16:9</include>
		<include condition="String.IsEqual(Skin.AspectRatio,21:9)">DialogKeyboard_coords5_21:9</include>
		<include condition="String.IsEqual(Skin.AspectRatio,16:9) + False">DialogKeyboard_coords5_21:9_masked</include>
		<include condition="String.IsEqual(Skin.AspectRatio,4:3)">DialogKeyboard_coords5_4:3</include>
	</include>
	<include name="DialogKeyboard_coords5_16:9">
		<top>80</top>
		<width>1170</width>
		<height>74</height>
	</include>
	<include name="DialogKeyboard_coords5_21:9">
		<top>80</top>
		<width>1810</width>
		<height>74</height>
	</include>
	<include name="DialogKeyboard_coords5_21:9_masked">
		<top>80</top>
		<width>1810</width>
		<height>74</height>
	</include>
	<include name="DialogKeyboard_coords5_4:3">
		<top>80</top>
		<width>840</width>
		<height>74</height>
	</include>
	
	<include name="DialogKeyboard_coords6">
		<include condition="String.IsEqual(Skin.AspectRatio,16:9) + True">DialogKeyboard_coords6_16:9</include>
		<include condition="String.IsEqual(Skin.AspectRatio,21:9)">DialogKeyboard_coords6_21:9</include>
		<include condition="String.IsEqual(Skin.AspectRatio,16:9) + False">DialogKeyboard_coords6_21:9_masked</include>
		<include condition="String.IsEqual(Skin.AspectRatio,4:3)">DialogKeyboard_coords6_4:3</include>
	</include>
	<include name="DialogKeyboard_coords6_16:9">
		<top>160</top>
		<width>1170</width>
		<height>74</height>
	</include>
	<include name="DialogKeyboard_coords6_21:9">
		<top>160</top>
		<width>1810</width>
		<height>74</height>
	</include>
	<include name="DialogKeyboard_coords6_21:9_masked">
		<top>160</top>
		<width>1810</width>
		<height>74</height>
	</include>
	<include name="DialogKeyboard_coords6_4:3">
		<top>160</top>
		<width>840</width>
		<height>74</height>
	</include>
	
	<include name="DialogKeyboard_coords7">
		<include condition="String.IsEqual(Skin.AspectRatio,16:9) + True">DialogKeyboard_coords7_16:9</include>
		<include condition="String.IsEqual(Skin.AspectRatio,21:9)">DialogKeyboard_coords7_21:9</include>
		<include condition="String.IsEqual(Skin.AspectRatio,16:9) + False">DialogKeyboard_coords7_21:9_masked</include>
		<include condition="String.IsEqual(Skin.AspectRatio,4:3)">DialogKeyboard_coords7_4:3</include>
	</include>
	<include name="DialogKeyboard_coords7_16:9">
		<top>240</top>
		<width>1170</width>
		<height>74</height>
	</include>
	<include name="DialogKeyboard_coords7_21:9">
		<top>240</top>
		<width>1810</width>
		<height>74</height>
	</include>
	<include name="DialogKeyboard_coords7_21:9_masked">
		<top>240</top>
		<width>1810</width>
		<height>74</height>
	</include>
	<include name="DialogKeyboard_coords7_4:3">
		<top>240</top>
		<width>840</width>
		<height>74</height>
	</include>
	
	<include name="DialogKeyboard_coords8">
		<include condition="String.IsEqual(Skin.AspectRatio,16:9) + True">DialogKeyboard_coords8_16:9</include>
		<include condition="String.IsEqual(Skin.AspectRatio,21:9)">DialogKeyboard_coords8_21:9</include>
		<include condition="String.IsEqual(Skin.AspectRatio,16:9) + False">DialogKeyboard_coords8_21:9_masked</include>
		<include condition="String.IsEqual(Skin.AspectRatio,4:3)">DialogKeyboard_coords8_4:3</include>
	</include>
	<include name="DialogKeyboard_coords8_16:9">
		<top>320</top>
		<width>1170</width>
		<height>74</height>
	</include>
	<include name="DialogKeyboard_coords8_21:9">
		<top>320</top>
		<width>1810</width>
		<height>74</height>
	</include>
	<include name="DialogKeyboard_coords8_21:9_masked">
		<top>320</top>
		<width>1810</width>
		<height>74</height>
	</include>
	<include name="DialogKeyboard_coords8_4:3">
		<top>320</top>
		<width>840</width>
		<height>74</height>
	</include>
	
	<include name="DialogKeyboard_coords9">
		<include condition="String.IsEqual(Skin.AspectRatio,16:9) + True">DialogKeyboard_coords9_16:9</include>
		<include condition="String.IsEqual(Skin.AspectRatio,21:9)">DialogKeyboard_coords9_21:9</include>
		<include condition="String.IsEqual(Skin.AspectRatio,16:9) + False">DialogKeyboard_coords9_21:9_masked</include>
		<include condition="String.IsEqual(Skin.AspectRatio,4:3)">DialogKeyboard_coords9_4:3</include>
	</include>
	<include name="DialogKeyboard_coords9_16:9">
		<top>425</top>
		<width>1170</width>
		<height>74</height>
	</include>
	<include name="DialogKeyboard_coords9_21:9">
		<top>425</top>
		<width>1810</width>
		<height>74</height>
	</include>
	<include name="DialogKeyboard_coords9_21:9_masked">
		<top>425</top>
		<width>1810</width>
		<height>74</height>
	</include>
	<include name="DialogKeyboard_coords9_4:3">
		<top>425</top>
		<width>840</width>
		<height>74</height>
	</include>
	
	<include name="DialogKeyboard_coords10">
		<include condition="String.IsEqual(Skin.AspectRatio,16:9) + True">DialogKeyboard_coords10_16:9</include>
		<include condition="String.IsEqual(Skin.AspectRatio,21:9)">DialogKeyboard_coords10_21:9</include>
		<include condition="String.IsEqual(Skin.AspectRatio,16:9) + False">DialogKeyboard_coords10_21:9_masked</include>
		<include condition="String.IsEqual(Skin.AspectRatio,4:3)">DialogKeyboard_coords10_4:3</include>
	</include>
	<include name="DialogKeyboard_coords10_16:9">
		<left>150</left>
		<top>720</top>
		<width>1620</width>
		<height>160</height>
	</include>
	<include name="DialogKeyboard_coords10_21:9">
		<left>150</left>
		<top>720</top>
		<width>2260</width>
		<height>160</height>
	</include>
	<include name="DialogKeyboard_coords10_21:9_masked">
		<left>150</left>
		<top>900</top>
		<width>2260</width>
		<height>160</height>
	</include>
	<include name="DialogKeyboard_coords10_4:3">
		<left>150</left>
		<top>720</top>
		<width>1140</width>
		<height>160</height>
	</include>
	
	<include name="DialogKeyboard_coords11">
		<include condition="String.IsEqual(Skin.AspectRatio,16:9) + True">DialogKeyboard_coords11_16:9</include>
		<include condition="String.IsEqual(Skin.AspectRatio,21:9)">DialogKeyboard_coords11_21:9</include>
		<include condition="String.IsEqual(Skin.AspectRatio,16:9) + False">DialogKeyboard_coords11_21:9_masked</include>
		<include condition="String.IsEqual(Skin.AspectRatio,4:3)">DialogKeyboard_coords11_4:3</include>
	</include>
	<include name="DialogKeyboard_coords11_16:9">
		<itemlayout height="50" width="405">
			<control type="label">
				<width>405</width>
				<height>50</height>
				<align>center</align>
				<textcolor>$VAR[TextColor2]</textcolor>
				<label>$INFO[ListItem.Label]</label>
			</control>
		</itemlayout>
	</include>
	<include name="DialogKeyboard_coords11_21:9">
		<itemlayout height="50" width="452">
			<control type="label">
				<width>452</width>
				<height>50</height>
				<align>center</align>
				<textcolor>$VAR[TextColor2]</textcolor>
				<label>$INFO[ListItem.Label]</label>
			</control>
		</itemlayout>
	</include>
	<include name="DialogKeyboard_coords11_21:9_masked">
		<itemlayout height="50" width="452">
			<control type="label">
				<width>452</width>
				<height>50</height>
				<align>center</align>
				<textcolor>$VAR[TextColor2]</textcolor>
				<label>$INFO[ListItem.Label]</label>
			</control>
		</itemlayout>
	</include>
	<include name="DialogKeyboard_coords11_4:3">
		<itemlayout height="50" width="380">
			<control type="label">
				<width>380</width>
				<height>50</height>
				<align>center</align>
				<textcolor>$VAR[TextColor2]</textcolor>
				<label>$INFO[ListItem.Label]</label>
			</control>
		</itemlayout>
	</include>
	
	<include name="DialogKeyboard_coords12">
		<include condition="String.IsEqual(Skin.AspectRatio,16:9) + True">DialogKeyboard_coords12_16:9</include>
		<include condition="String.IsEqual(Skin.AspectRatio,21:9)">DialogKeyboard_coords12_21:9</include>
		<include condition="String.IsEqual(Skin.AspectRatio,16:9) + False">DialogKeyboard_coords12_21:9_masked</include>
		<include condition="String.IsEqual(Skin.AspectRatio,4:3)">DialogKeyboard_coords12_4:3</include>
	</include>
	<include name="DialogKeyboard_coords12_16:9">
		<focusedlayout height="50" width="405">
			<control type="label">
				<width>405</width>
				<height>50</height>
				<align>center</align>
				<textcolor>$VAR[TextColor1]</textcolor>
				<label>$INFO[ListItem.Label]</label>
				<animation effect="fade" start="100" end="75" time="200" tween="cubic" easing="out" reversible="true" condition="!Control.HasFocus(6000)">Conditional</animation>
			</control>
			<control type="image">
				<width>405</width>
				<height>50</height>
				<align>center</align>
				<texture colordiffuse="$VAR[TextColor1]">$VAR[focus52center]</texture>
				<animation effect="fade" start="100" end="75" time="200" tween="cubic" easing="out" reversible="true" condition="!Control.HasFocus(6000)">Conditional</animation>
			</control>
		</focusedlayout>
	</include>
	<include name="DialogKeyboard_coords12_21:9">
		<focusedlayout height="50" width="452">
			<control type="label">
				<width>452</width>
				<height>50</height>
				<align>center</align>
				<textcolor>$VAR[TextColor1]</textcolor>
				<label>$INFO[ListItem.Label]</label>
				<animation effect="fade" start="100" end="75" time="200" tween="cubic" easing="out" reversible="true" condition="!Control.HasFocus(6000)">Conditional</animation>
			</control>
			<control type="image">
				<width>452</width>
				<height>50</height>
				<align>center</align>
				<texture colordiffuse="$VAR[TextColor1]">$VAR[focus52center]</texture>
				<animation effect="fade" start="100" end="75" time="200" tween="cubic" easing="out" reversible="true" condition="!Control.HasFocus(6000)">Conditional</animation>
			</control>
		</focusedlayout>
	</include>
	<include name="DialogKeyboard_coords12_21:9_masked">
		<focusedlayout height="50" width="452">
			<control type="label">
				<width>452</width>
				<height>50</height>
				<align>center</align>
				<textcolor>$VAR[TextColor1]</textcolor>
				<label>$INFO[ListItem.Label]</label>
				<animation effect="fade" start="100" end="75" time="200" tween="cubic" easing="out" reversible="true" condition="!Control.HasFocus(6000)">Conditional</animation>
			</control>
			<control type="image">
				<width>452</width>
				<height>50</height>
				<align>center</align>
				<texture colordiffuse="$VAR[TextColor1]">$VAR[focus52center]</texture>
				<animation effect="fade" start="100" end="75" time="200" tween="cubic" easing="out" reversible="true" condition="!Control.HasFocus(6000)">Conditional</animation>
			</control>
		</focusedlayout>
	</include>
	<include name="DialogKeyboard_coords12_4:3">
		<focusedlayout height="50" width="380">
			<control type="label">
				<width>380</width>
				<height>50</height>
				<align>center</align>
				<textcolor>$VAR[TextColor1]</textcolor>
				<label>$INFO[ListItem.Label]</label>
				<animation effect="fade" start="100" end="75" time="200" tween="cubic" easing="out" reversible="true" condition="!Control.HasFocus(6000)">Conditional</animation>
			</control>
			<control type="image">
				<width>380</width>
				<height>50</height>
				<align>center</align>
				<texture colordiffuse="$VAR[TextColor1]">$VAR[focus52center]</texture>
				<animation effect="fade" start="100" end="75" time="200" tween="cubic" easing="out" reversible="true" condition="!Control.HasFocus(6000)">Conditional</animation>
			</control>
		</focusedlayout>
	</include>

</includes>