<?xml version="1.0" encoding="UTF-8"?>
<includes>

	<include name="DialogAddonInfodetails_coords1">
		<include condition="String.IsEqual(Skin.AspectRatio,16:9) + True">DialogAddonInfodetails_coords1_16:9</include>
		<include condition="String.IsEqual(Skin.AspectRatio,21:9)">DialogAddonInfodetails_coords1_21:9</include>
		<include condition="String.IsEqual(Skin.AspectRatio,16:9) + False">DialogAddonInfodetails_coords1_21:9_masked</include>
		<include condition="String.IsEqual(Skin.AspectRatio,4:3)">DialogAddonInfodetails_coords1_4:3</include>
	</include>
	<include name="DialogAddonInfodetails_coords1_16:9">
		<left>150</left>
		<top>322</top>
		<width>405</width>
		<height>405</height>
	</include>
	<include name="DialogAddonInfodetails_coords1_21:9">
		<left>150</left>
		<top>322</top>
		<width>405</width>
		<height>405</height>
	</include>
	<include name="DialogAddonInfodetails_coords1_21:9_masked">
		<left>150</left>
		<top>502</top>
		<width>405</width>
		<height>405</height>
	</include>
	<include name="DialogAddonInfodetails_coords1_4:3">
		<left>150</left>
		<top>322</top>
		<width>405</width>
		<height>405</height>
	</include>

	<include name="DialogAddonInfodetails_coords2">
		<include condition="String.IsEqual(Skin.AspectRatio,16:9) + True">DialogAddonInfodetails_coords2_16:9</include>
		<include condition="String.IsEqual(Skin.AspectRatio,21:9)">DialogAddonInfodetails_coords2_21:9</include>
		<include condition="String.IsEqual(Skin.AspectRatio,16:9) + False">DialogAddonInfodetails_coords2_21:9_masked</include>
		<include condition="String.IsEqual(Skin.AspectRatio,4:3)">DialogAddonInfodetails_coords2_4:3</include>
	</include>
	<include name="DialogAddonInfodetails_coords2_16:9">
		<left>150</left>
		<bottom>180</bottom>
		<width>1620</width>
		<height>36</height>
	</include>
	<include name="DialogAddonInfodetails_coords2_21:9">
		<left>150</left>
		<bottom>180</bottom>
		<width>2260</width>
		<height>36</height>
	</include>
	<include name="DialogAddonInfodetails_coords2_21:9_masked">
		<left>150</left>
		<bottom>360</bottom>
		<width>2260</width>
		<height>36</height>
	</include>
	<include name="DialogAddonInfodetails_coords2_4:3">
		<left>150</left>
		<top>225</top>
		<width>405</width>
		<height>600</height>
	</include>

	<include name="DialogAddonInfodetails_coords3">
		<include condition="String.IsEqual(Skin.AspectRatio,16:9) + True">DialogAddonInfodetails_coords3_16:9</include>
		<include condition="String.IsEqual(Skin.AspectRatio,21:9)">DialogAddonInfodetails_coords3_21:9</include>
		<include condition="String.IsEqual(Skin.AspectRatio,16:9) + False">DialogAddonInfodetails_coords3_21:9_masked</include>
		<include condition="String.IsEqual(Skin.AspectRatio,4:3)">DialogAddonInfodetails_coords3_4:3</include>
	</include>
	<include name="DialogAddonInfodetails_coords3_16:9">
		<left>600</left>
		<top>235</top>
	</include>
	<include name="DialogAddonInfodetails_coords3_21:9">
		<left>600</left>
		<top>235</top>
	</include>
	<include name="DialogAddonInfodetails_coords3_21:9_masked">
		<left>600</left>
		<top>415</top>
	</include>
	<include name="DialogAddonInfodetails_coords3_4:3">
		<left>600</left>
		<top>235</top>
	</include>

	<include name="DialogAddonInfodetails_coords4">
		<include condition="String.IsEqual(Skin.AspectRatio,16:9) + True">DialogAddonInfodetails_coords4_16:9</include>
		<include condition="String.IsEqual(Skin.AspectRatio,21:9)">DialogAddonInfodetails_coords4_21:9</include>
		<include condition="String.IsEqual(Skin.AspectRatio,16:9) + False">DialogAddonInfodetails_coords4_21:9_masked</include>
		<include condition="String.IsEqual(Skin.AspectRatio,4:3)">DialogAddonInfodetails_coords4_4:3</include>
	</include>
	<include name="DialogAddonInfodetails_coords4_16:9">
		<width>1170</width>
		<height>228</height>
	</include>
	<include name="DialogAddonInfodetails_coords4_21:9">
		<width>1810</width>
		<height>228</height>
	</include>
	<include name="DialogAddonInfodetails_coords4_21:9_masked">
		<width>1810</width>
		<height>228</height>
	</include>
	<include name="DialogAddonInfodetails_coords4_4:3">
		<width>690</width>
		<height>228</height>
	</include>
	
	<include name="DialogAddonInfodetails_coords5">
		<include condition="String.IsEqual(Skin.AspectRatio,16:9) + True">DialogAddonInfodetails_coords5_16:9</include>
		<include condition="String.IsEqual(Skin.AspectRatio,21:9)">DialogAddonInfodetails_coords5_21:9</include>
		<include condition="String.IsEqual(Skin.AspectRatio,16:9) + False">DialogAddonInfodetails_coords5_21:9_masked</include>
		<include condition="String.IsEqual(Skin.AspectRatio,4:3)">DialogAddonInfodetails_coords5_4:3</include>
	</include>
	<include name="DialogAddonInfodetails_coords5_16:9">
		<height>36</height>
		<width>1170</width>
	</include>
	<include name="DialogAddonInfodetails_coords5_21:9">
		<height>36</height>
		<width>1810</width>
	</include>
	<include name="DialogAddonInfodetails_coords5_21:9_masked">
		<height>36</height>
		<width>1810</width>
	</include>
	<include name="DialogAddonInfodetails_coords5_4:3">
		<height>36</height>
		<width>690</width>
	</include>
	
	<include name="DialogAddonInfodetails_coords6">
		<include condition="String.IsEqual(Skin.AspectRatio,16:9) + True">DialogAddonInfodetails_coords6_16:9</include>
		<include condition="String.IsEqual(Skin.AspectRatio,21:9)">DialogAddonInfodetails_coords6_21:9</include>
		<include condition="String.IsEqual(Skin.AspectRatio,16:9) + False">DialogAddonInfodetails_coords6_21:9_masked</include>
		<include condition="String.IsEqual(Skin.AspectRatio,4:3)">DialogAddonInfodetails_coords6_4:3</include>
	</include>
	<include name="DialogAddonInfodetails_coords6_16:9">
		<width>200</width>
		<height>36</height>
	</include>
	<include name="DialogAddonInfodetails_coords6_21:9">
		<width>200</width>
		<height>36</height>
	</include>
	<include name="DialogAddonInfodetails_coords6_21:9_masked">
		<width>200</width>
		<height>36</height>
	</include>
	<include name="DialogAddonInfodetails_coords6_4:3">
		<width>200</width>
		<height>36</height>
	</include>
	
	<include name="DialogAddonInfodetails_coords7">
		<include condition="String.IsEqual(Skin.AspectRatio,16:9) + True">DialogAddonInfodetails_coords7_16:9</include>
		<include condition="String.IsEqual(Skin.AspectRatio,21:9)">DialogAddonInfodetails_coords7_21:9</include>
		<include condition="String.IsEqual(Skin.AspectRatio,16:9) + False">DialogAddonInfodetails_coords7_21:9_masked</include>
		<include condition="String.IsEqual(Skin.AspectRatio,4:3)">DialogAddonInfodetails_coords7_4:3</include>
	</include>
	<include name="DialogAddonInfodetails_coords7_16:9">
		<left>220</left>
		<width>950</width>
		<height>36</height>
	</include>
	<include name="DialogAddonInfodetails_coords7_21:9">
		<left>220</left>
		<width>1610</width>
		<height>36</height>
	</include>
	<include name="DialogAddonInfodetails_coords7_21:9_masked">
		<left>220</left>
		<width>1610</width>
		<height>36</height>
	</include>
	<include name="DialogAddonInfodetails_coords7_4:3">
		<left>220</left>
		<width>490</width>
		<height>36</height>
	</include>
	
	<include name="DialogAddonInfodetails_coords8">
		<include condition="String.IsEqual(Skin.AspectRatio,16:9) + True">DialogAddonInfodetails_coords8_16:9</include>
		<include condition="String.IsEqual(Skin.AspectRatio,21:9)">DialogAddonInfodetails_coords8_21:9</include>
		<include condition="String.IsEqual(Skin.AspectRatio,16:9) + False">DialogAddonInfodetails_coords8_21:9_masked</include>
		<include condition="String.IsEqual(Skin.AspectRatio,4:3)">DialogAddonInfodetails_coords8_4:3</include>
	</include>
	<include name="DialogAddonInfodetails_coords8_16:9">
		<height>112</height>
		<width>1170</width>
	</include>
	<include name="DialogAddonInfodetails_coords8_21:9">
		<height>112</height>
		<width>1810</width>
	</include>
	<include name="DialogAddonInfodetails_coords8_21:9_masked">
		<height>112</height>
		<width>1810</width>
	</include>
	<include name="DialogAddonInfodetails_coords8_4:3">
		<height>112</height>
		<width>690</width>
	</include>
	
	<include name="DialogAddonInfodetails_coords9">
		<include condition="String.IsEqual(Skin.AspectRatio,16:9) + True">DialogAddonInfodetails_coords9_16:9</include>
		<include condition="String.IsEqual(Skin.AspectRatio,21:9)">DialogAddonInfodetails_coords9_21:9</include>
		<include condition="String.IsEqual(Skin.AspectRatio,16:9) + False">DialogAddonInfodetails_coords9_21:9_masked</include>
		<include condition="String.IsEqual(Skin.AspectRatio,4:3)">DialogAddonInfodetails_coords9_4:3</include>
	</include>
	<include name="DialogAddonInfodetails_coords9_16:9">
		<top>-6</top>
		<left>220</left>
		<width>950</width>
		<height>112</height>
	</include>
	<include name="DialogAddonInfodetails_coords9_21:9">
		<top>-6</top>
		<left>220</left>
		<width>1610</width>
		<height>112</height>
	</include>
	<include name="DialogAddonInfodetails_coords9_21:9_masked">
		<top>-6</top>
		<left>220</left>
		<width>1610</width>
		<height>112</height>
	</include>
	<include name="DialogAddonInfodetails_coords9_4:3">
		<top>-6</top>
		<left>220</left>
		<width>490</width>
		<height>112</height>
	</include>
	
	<include name="DialogAddonInfodetails_coords10">
		<include condition="String.IsEqual(Skin.AspectRatio,16:9) + True">DialogAddonInfodetails_coords10_16:9</include>
		<include condition="String.IsEqual(Skin.AspectRatio,21:9)">DialogAddonInfodetails_coords10_21:9</include>
		<include condition="String.IsEqual(Skin.AspectRatio,16:9) + False">DialogAddonInfodetails_coords10_21:9_masked</include>
		<include condition="String.IsEqual(Skin.AspectRatio,4:3)">DialogAddonInfodetails_coords10_4:3</include>
	</include>
	<include name="DialogAddonInfodetails_coords10_16:9">
		<top>240</top>
		<width>1170</width>
		<height>340</height>
	</include>
	<include name="DialogAddonInfodetails_coords10_21:9">
		<top>240</top>
		<width>1810</width>
		<height>340</height>
	</include>
	<include name="DialogAddonInfodetails_coords10_21:9_masked">
		<top>240</top>
		<width>1810</width>
		<height>340</height>
	</include>
	<include name="DialogAddonInfodetails_coords10_4:3">
		<top>240</top>
		<width>690</width>
		<height>340</height>
	</include>

</includes>