<?xml version="1.0" encoding="UTF-8"?>
<includes>

	<include name="DialogGameControllers_coords1">
		<include condition="String.IsEqual(Skin.AspectRatio,16:9) + True">DialogGameControllers_coords1_16:9</include>
		<include condition="String.IsEqual(Skin.AspectRatio,21:9)">DialogGameControllers_coords1_21:9</include>
		<include condition="String.IsEqual(Skin.AspectRatio,16:9) + False">DialogGameControllers_coords1_21:9_masked</include>
		<include condition="String.IsEqual(Skin.AspectRatio,4:3)">DialogGameControllers_coords1_4:3</include>
	</include>
	<include name="DialogGameControllers_coords1_16:9">
		<left>150</left>
		<top>322</top>
		<width>405</width>
		<height>300</height>
	</include>
	<include name="DialogGameControllers_coords1_21:9">
		<left>150</left>
		<top>322</top>
		<width>405</width>
		<height>300</height>
	</include>
	<include name="DialogGameControllers_coords1_21:9_masked">
		<left>150</left>
		<top>502</top>
		<width>405</width>
		<height>300</height>
	</include>
	<include name="DialogGameControllers_coords1_4:3">
		<left>150</left>
		<top>322</top>
		<width>405</width>
		<height>300</height>
	</include>
	
	<include name="DialogGameControllers_coords2">
		<include condition="String.IsEqual(Skin.AspectRatio,16:9) + True">DialogGameControllers_coords2_16:9</include>
		<include condition="String.IsEqual(Skin.AspectRatio,21:9)">DialogGameControllers_coords2_21:9</include>
		<include condition="String.IsEqual(Skin.AspectRatio,16:9) + False">DialogGameControllers_coords2_21:9_masked</include>
		<include condition="String.IsEqual(Skin.AspectRatio,4:3)">DialogGameControllers_coords2_4:3</include>
	</include>
	<include name="DialogGameControllers_coords2_16:9">
		<left>600</left>
		<top>200</top>
		<width>560</width>
		<height>654</height>
	</include>
	<include name="DialogGameControllers_coords2_21:9">
		<left>600</left>
		<top>200</top>
		<width>880</width>
		<height>654</height>
	</include>
	<include name="DialogGameControllers_coords2_21:9_masked">
		<left>600</left>
		<top>380</top>
		<width>880</width>
		<height>654</height>
	</include>
	<include name="DialogGameControllers_coords2_4:3">
		<left>600</left>
		<top>200</top>
		<width>320</width>
		<height>654</height>
	</include>
	
	<include name="DialogGameControllers_coords3">
		<include condition="String.IsEqual(Skin.AspectRatio,16:9) + True">DialogGameControllers_coords3_16:9</include>
		<include condition="String.IsEqual(Skin.AspectRatio,21:9)">DialogGameControllers_coords3_21:9</include>
		<include condition="String.IsEqual(Skin.AspectRatio,16:9) + False">DialogGameControllers_coords3_21:9_masked</include>
		<include condition="String.IsEqual(Skin.AspectRatio,4:3)">DialogGameControllers_coords3_4:3</include>
	</include>
	<include name="DialogGameControllers_coords3_16:9">
		<left>570</left>
		<top>200</top>
		<width>20</width>
		<height>654</height>
	</include>
	<include name="DialogGameControllers_coords3_21:9">
		<left>570</left>
		<top>200</top>
		<width>20</width>
		<height>654</height>
	</include>
	<include name="DialogGameControllers_coords3_21:9_masked">
		<left>570</left>
		<top>380</top>
		<width>20</width>
		<height>654</height>
	</include>
	<include name="DialogGameControllers_coords3_4:3">
		<left>570</left>
		<top>200</top>
		<width>20</width>
		<height>654</height>
	</include>
	
	<include name="DialogGameControllers_coords4">
		<include condition="String.IsEqual(Skin.AspectRatio,16:9) + True">DialogGameControllers_coords4_16:9</include>
		<include condition="String.IsEqual(Skin.AspectRatio,21:9)">DialogGameControllers_coords4_21:9</include>
		<include condition="String.IsEqual(Skin.AspectRatio,16:9) + False">DialogGameControllers_coords4_21:9_masked</include>
		<include condition="String.IsEqual(Skin.AspectRatio,4:3)">DialogGameControllers_coords4_4:3</include>
	</include>
	<include name="DialogGameControllers_coords4_16:9">
		<left>1210</left>
		<top>200</top>
		<width>560</width>
		<height>654</height>
	</include>
	<include name="DialogGameControllers_coords4_21:9">
		<left>1530</left>
		<top>200</top>
		<width>880</width>
		<height>654</height>
	</include>
	<include name="DialogGameControllers_coords4_21:9_masked">
		<left>1530</left>
		<top>380</top>
		<width>880</width>
		<height>654</height>
	</include>
	<include name="DialogGameControllers_coords4_4:3">
		<left>970</left>
		<top>200</top>
		<width>320</width>
		<height>654</height>
	</include>
	
	<include name="DialogGameControllers_coords5">
		<include condition="String.IsEqual(Skin.AspectRatio,16:9) + True">DialogGameControllers_coords5_16:9</include>
		<include condition="String.IsEqual(Skin.AspectRatio,21:9)">DialogGameControllers_coords5_21:9</include>
		<include condition="String.IsEqual(Skin.AspectRatio,16:9) + False">DialogGameControllers_coords5_21:9_masked</include>
		<include condition="String.IsEqual(Skin.AspectRatio,4:3)">DialogGameControllers_coords5_4:3</include>
	</include>
	<include name="DialogGameControllers_coords5_16:9">
		<left>1180</left>
		<top>200</top>
		<width>20</width>
		<height>654</height>
	</include>
	<include name="DialogGameControllers_coords5_21:9">
		<left>1500</left>
		<top>200</top>
		<width>20</width>
		<height>654</height>
	</include>
	<include name="DialogGameControllers_coords5_21:9_masked">
		<left>1500</left>
		<top>380</top>
		<width>20</width>
		<height>654</height>
	</include>
	<include name="DialogGameControllers_coords5_4:3">
		<left>940</left>
		<top>200</top>
		<width>20</width>
		<height>654</height>
	</include>
	
	<include name="DialogGameControllers_coords6">
		<include condition="String.IsEqual(Skin.AspectRatio,16:9) + True">DialogGameControllers_coords6_16:9</include>
		<include condition="String.IsEqual(Skin.AspectRatio,21:9)">DialogGameControllers_coords6_21:9</include>
		<include condition="String.IsEqual(Skin.AspectRatio,16:9) + False">DialogGameControllers_coords6_21:9_masked</include>
		<include condition="String.IsEqual(Skin.AspectRatio,4:3)">DialogGameControllers_coords6_4:3</include>
	</include>
	<include name="DialogGameControllers_coords6_16:9">
		<width>560</width>
		<height>66</height>
	</include>
	<include name="DialogGameControllers_coords6_21:9">
		<width>880</width>
		<height>66</height>
	</include>
	<include name="DialogGameControllers_coords6_21:9_masked">
		<width>880</width>
		<height>66</height>
	</include>
	<include name="DialogGameControllers_coords6_4:3">
		<width>320</width>
		<height>66</height>
	</include>
	
	<include name="DialogGameControllers_coords7">
		<include condition="String.IsEqual(Skin.AspectRatio,16:9) + True">DialogGameControllers_coords7_16:9</include>
		<include condition="String.IsEqual(Skin.AspectRatio,21:9)">DialogGameControllers_coords7_21:9</include>
		<include condition="String.IsEqual(Skin.AspectRatio,16:9) + False">DialogGameControllers_coords7_21:9_masked</include>
		<include condition="String.IsEqual(Skin.AspectRatio,4:3)">DialogGameControllers_coords7_4:3</include>
	</include>
	<include name="DialogGameControllers_coords7_16:9">
		<width>560</width>
		<height>42</height>
	</include>
	<include name="DialogGameControllers_coords7_21:9">
		<width>880</width>
		<height>42</height>
	</include>
	<include name="DialogGameControllers_coords7_21:9_masked">
		<width>880</width>
		<height>42</height>
	</include>
	<include name="DialogGameControllers_coords7_4:3">
		<width>320</width>
		<height>42</height>
	</include>
	
	<include name="DialogGameControllers_coords8">
		<include condition="String.IsEqual(Skin.AspectRatio,16:9) + True">DialogGameControllers_coords8_16:9</include>
		<include condition="String.IsEqual(Skin.AspectRatio,21:9)">DialogGameControllers_coords8_21:9</include>
		<include condition="String.IsEqual(Skin.AspectRatio,16:9) + False">DialogGameControllers_coords8_21:9_masked</include>
		<include condition="String.IsEqual(Skin.AspectRatio,4:3)">DialogGameControllers_coords8_4:3</include>
	</include>
	<include name="DialogGameControllers_coords8_16:9">
		<width>560</width>
		<height>66</height>
	</include>
	<include name="DialogGameControllers_coords8_21:9">
		<width>880</width>
		<height>66</height>
	</include>
	<include name="DialogGameControllers_coords8_21:9_masked">
		<width>880</width>
		<height>66</height>
	</include>
	<include name="DialogGameControllers_coords8_4:3">
		<width>320</width>
		<height>66</height>
	</include>

</includes>