<?xml version="1.0" encoding="UTF-8"?>
<includes>

	<include name="MusicVisualisation_coords1">
		<include condition="String.IsEqual(Skin.AspectRatio,16:9) + True">MusicVisualisation_coords1_16:9</include>
		<include condition="String.IsEqual(Skin.AspectRatio,21:9)">MusicVisualisation_coords1_21:9</include>
		<include condition="String.IsEqual(Skin.AspectRatio,16:9) + False">MusicVisualisation_coords1_21:9_masked</include>
		<include condition="String.IsEqual(Skin.AspectRatio,4:3)">MusicVisualisation_coords1_4:3</include>
	</include>
	<include name="MusicVisualisation_coords1_16:9">
		<right>980</right>
		<centertop>50%</centertop>
		<width>405</width>
		<height>405</height>
	</include>
	<include name="MusicVisualisation_coords1_21:9">
		<right>1300</right>
		<centertop>50%</centertop>
		<width>405</width>
		<height>405</height>
	</include>
	<include name="MusicVisualisation_coords1_21:9_masked">
		<right>1300</right>
		<centertop>50%</centertop>
		<width>405</width>
		<height>405</height>
	</include>
	<include name="MusicVisualisation_coords1_4:3">
		<right>740</right>
		<centertop>50%</centertop>
		<width>405</width>
		<height>405</height>
	</include>
	
	<include name="MusicVisualisation_coords2">
		<include condition="String.IsEqual(Skin.AspectRatio,16:9) + True">MusicVisualisation_coords2_16:9</include>
		<include condition="String.IsEqual(Skin.AspectRatio,21:9)">MusicVisualisation_coords2_21:9</include>
		<include condition="String.IsEqual(Skin.AspectRatio,16:9) + False">MusicVisualisation_coords2_21:9_masked</include>
		<include condition="String.IsEqual(Skin.AspectRatio,4:3)">MusicVisualisation_coords2_4:3</include>
	</include>
	<include name="MusicVisualisation_coords2_16:9">
		<right>980</right>
		<centertop>50%</centertop>
		<width>580</width>
		<height>580</height>
	</include>
	<include name="MusicVisualisation_coords2_21:9">
		<right>1300</right>
		<centertop>50%</centertop>
		<width>580</width>
		<height>580</height>
	</include>
	<include name="MusicVisualisation_coords2_21:9_masked">
		<right>1300</right>
		<centertop>50%</centertop>
		<width>580</width>
		<height>580</height>
	</include>
	<include name="MusicVisualisation_coords2_4:3">
		<right>740</right>
		<centertop>50%</centertop>
		<width>580</width>
		<height>580</height>
	</include>
	
	<include name="MusicVisualisation_coords3">
		<include condition="String.IsEqual(Skin.AspectRatio,16:9) + True">MusicVisualisation_coords3_16:9</include>
		<include condition="String.IsEqual(Skin.AspectRatio,21:9)">MusicVisualisation_coords3_21:9</include>
		<include condition="String.IsEqual(Skin.AspectRatio,16:9) + False">MusicVisualisation_coords3_21:9_masked</include>
		<include condition="String.IsEqual(Skin.AspectRatio,4:3)">MusicVisualisation_coords3_4:3</include>
	</include>
	<include name="MusicVisualisation_coords3_16:9">
		<left>980</left>
		<top>340</top>
		<hight>200</hight>
	</include>
	<include name="MusicVisualisation_coords3_21:9">
		<left>1300</left>
		<top>340</top>
		<hight>200</hight>
	</include>
	<include name="MusicVisualisation_coords3_21:9_masked">
		<left>1300</left>
		<top>520</top>
		<hight>200</hight>
	</include>
	<include name="MusicVisualisation_coords3_4:3">
		<left>740</left>
		<top>340</top>
		<hight>200</hight>
	</include>
	
	<include name="MusicVisualisation_coords4">
		<include condition="String.IsEqual(Skin.AspectRatio,16:9) + True">MusicVisualisation_coords4_16:9</include>
		<include condition="String.IsEqual(Skin.AspectRatio,21:9)">MusicVisualisation_coords4_21:9</include>
		<include condition="String.IsEqual(Skin.AspectRatio,16:9) + False">MusicVisualisation_coords4_21:9_masked</include>
		<include condition="String.IsEqual(Skin.AspectRatio,4:3)">MusicVisualisation_coords4_4:3</include>
	</include>
	<include name="MusicVisualisation_coords4_16:9">
		<width>790</width>
	</include>
	<include name="MusicVisualisation_coords4_21:9">
		<width>1110</width>
	</include>
	<include name="MusicVisualisation_coords4_21:9_masked">
		<width>1110</width>
	</include>
	<include name="MusicVisualisation_coords4_4:3">
		<width>550</width>
	</include>
	
	<include name="MusicVisualisation_coords5">
		<include condition="String.IsEqual(Skin.AspectRatio,16:9) + True">MusicVisualisation_coords5_16:9</include>
		<include condition="String.IsEqual(Skin.AspectRatio,21:9)">MusicVisualisation_coords5_21:9</include>
		<include condition="String.IsEqual(Skin.AspectRatio,16:9) + False">MusicVisualisation_coords5_21:9_masked</include>
		<include condition="String.IsEqual(Skin.AspectRatio,4:3)">MusicVisualisation_coords5_4:3</include>
	</include>
	<include name="MusicVisualisation_coords5_16:9">
		<left>980</left>
		<top>580</top>
		<hight>220</hight>
	</include>
	<include name="MusicVisualisation_coords5_21:9">
		<left>1300</left>
		<top>580</top>
		<hight>220</hight>
	</include>
	<include name="MusicVisualisation_coords5_21:9_masked">
		<left>1300</left>
		<top>760</top>
		<hight>220</hight>
	</include>
	<include name="MusicVisualisation_coords5_4:3">
		<left>740</left>
		<top>580</top>
		<hight>220</hight>
	</include>
	
	<include name="MusicVisualisation_coords6">
		<include condition="String.IsEqual(Skin.AspectRatio,16:9) + True">MusicVisualisation_coords6_16:9</include>
		<include condition="String.IsEqual(Skin.AspectRatio,21:9)">MusicVisualisation_coords6_21:9</include>
		<include condition="String.IsEqual(Skin.AspectRatio,16:9) + False">MusicVisualisation_coords6_21:9_masked</include>
		<include condition="String.IsEqual(Skin.AspectRatio,4:3)">MusicVisualisation_coords6_4:3</include>
	</include>
	<include name="MusicVisualisation_coords6_16:9">
		<left>150</left>
		<top>870</top>
		<width>1620</width>
		<height>60</height>
	</include>
	<include name="MusicVisualisation_coords6_21:9">
		<left>150</left>
		<top>870</top>
		<width>2260</width>
		<height>60</height>
	</include>
	<include name="MusicVisualisation_coords6_21:9_masked">
		<left>150</left>
		<top>1050</top>
		<width>2260</width>
		<height>60</height>
	</include>
	<include name="MusicVisualisation_coords6_4:3">
		<left>150</left>
		<top>870</top>
		<width>1140</width>
		<height>60</height>
	</include>
	
	<include name="MusicVisualisation_coords7">
		<include condition="String.IsEqual(Skin.AspectRatio,16:9) + True">MusicVisualisation_coords7_16:9</include>
		<include condition="String.IsEqual(Skin.AspectRatio,21:9)">MusicVisualisation_coords7_21:9</include>
		<include condition="String.IsEqual(Skin.AspectRatio,16:9) + False">MusicVisualisation_coords7_21:9_masked</include>
		<include condition="String.IsEqual(Skin.AspectRatio,4:3)">MusicVisualisation_coords7_4:3</include>
	</include>
	<include name="MusicVisualisation_coords7_16:9">
		<width>140</width>
		<height>60</height>
	</include>
	<include name="MusicVisualisation_coords7_21:9">
		<width>140</width>
		<height>60</height>
	</include>
	<include name="MusicVisualisation_coords7_21:9_masked">
		<width>140</width>
		<height>60</height>
	</include>
	<include name="MusicVisualisation_coords7_4:3">
		<width>140</width>
		<height>60</height>
	</include>
	
	<include name="MusicVisualisation_coords8">
		<include condition="String.IsEqual(Skin.AspectRatio,16:9) + True">MusicVisualisation_coords8_16:9</include>
		<include condition="String.IsEqual(Skin.AspectRatio,21:9)">MusicVisualisation_coords8_21:9</include>
		<include condition="String.IsEqual(Skin.AspectRatio,16:9) + False">MusicVisualisation_coords8_21:9_masked</include>
		<include condition="String.IsEqual(Skin.AspectRatio,4:3)">MusicVisualisation_coords8_4:3</include>
	</include>
	<include name="MusicVisualisation_coords8_16:9">
		<left>40</left>
		<width>60</width>
		<height>60</height>
	</include>
	<include name="MusicVisualisation_coords8_21:9">
		<left>40</left>
		<width>60</width>
		<height>60</height>
	</include>
	<include name="MusicVisualisation_coords8_21:9_masked">
		<left>40</left>
		<width>60</width>
		<height>60</height>
	</include>
	<include name="MusicVisualisation_coords8_4:3">
		<left>40</left>
		<width>60</width>
		<height>60</height>
	</include>
	
	<include name="MusicVisualisation_coords9">
		<include condition="String.IsEqual(Skin.AspectRatio,16:9) + True">MusicVisualisation_coords9_16:9</include>
		<include condition="String.IsEqual(Skin.AspectRatio,21:9)">MusicVisualisation_coords9_21:9</include>
		<include condition="String.IsEqual(Skin.AspectRatio,16:9) + False">MusicVisualisation_coords9_21:9_masked</include>
		<include condition="String.IsEqual(Skin.AspectRatio,4:3)">MusicVisualisation_coords9_4:3</include>
	</include>
	<include name="MusicVisualisation_coords9_16:9">
		<right>0</right>
		<width>140</width>
		<height>60</height>
	</include>
	<include name="MusicVisualisation_coords9_21:9">
		<right>0</right>
		<width>140</width>
		<height>60</height>
	</include>
	<include name="MusicVisualisation_coords9_21:9_masked">
		<right>0</right>
		<width>140</width>
		<height>60</height>
	</include>
	<include name="MusicVisualisation_coords9_4:3">
		<right>0</right>
		<width>140</width>
		<height>60</height>
	</include>
	
	<include name="MusicVisualisation_coords10">
		<include condition="String.IsEqual(Skin.AspectRatio,16:9) + True">MusicVisualisation_coords10_16:9</include>
		<include condition="String.IsEqual(Skin.AspectRatio,21:9)">MusicVisualisation_coords10_21:9</include>
		<include condition="String.IsEqual(Skin.AspectRatio,16:9) + False">MusicVisualisation_coords10_21:9_masked</include>
		<include condition="String.IsEqual(Skin.AspectRatio,4:3)">MusicVisualisation_coords10_4:3</include>
	</include>
	<include name="MusicVisualisation_coords10_16:9">
		<top>75</top>
		<width>1620</width>
		<height>60</height>
	</include>
	<include name="MusicVisualisation_coords10_21:9">
		<top>75</top>
		<width>2260</width>
		<height>60</height>
	</include>
	<include name="MusicVisualisation_coords10_21:9_masked">
		<top>75</top>
		<width>2260</width>
		<height>60</height>
	</include>
	<include name="MusicVisualisation_coords10_4:3">
		<top>75</top>
		<width>1140</width>
		<height>60</height>
	</include>
	
	<include name="MusicVisualisation_coords11">
		<include condition="String.IsEqual(Skin.AspectRatio,16:9) + True">MusicVisualisation_coords11_16:9</include>
		<include condition="String.IsEqual(Skin.AspectRatio,21:9)">MusicVisualisation_coords11_21:9</include>
		<include condition="String.IsEqual(Skin.AspectRatio,16:9) + False">MusicVisualisation_coords11_21:9_masked</include>
		<include condition="String.IsEqual(Skin.AspectRatio,4:3)">MusicVisualisation_coords11_4:3</include>
	</include>
	<include name="MusicVisualisation_coords11_16:9">
		<width>1620</width>
		<height>60</height>
	</include>
	<include name="MusicVisualisation_coords11_21:9">
		<width>2260</width>
		<height>60</height>
	</include>
	<include name="MusicVisualisation_coords11_21:9_masked">
		<width>2260</width>
		<height>60</height>
	</include>
	<include name="MusicVisualisation_coords11_4:3">
		<width>1140</width>
		<height>60</height>
	</include>
	
	<include name="MusicVisualisation_coords12">
		<include condition="String.IsEqual(Skin.AspectRatio,16:9) + True">MusicVisualisation_coords12_16:9</include>
		<include condition="String.IsEqual(Skin.AspectRatio,21:9)">MusicVisualisation_coords12_21:9</include>
		<include condition="String.IsEqual(Skin.AspectRatio,16:9) + False">MusicVisualisation_coords12_21:9_masked</include>
		<include condition="String.IsEqual(Skin.AspectRatio,4:3)">MusicVisualisation_coords12_4:3</include>
	</include>
	<include name="MusicVisualisation_coords12_16:9">
		<width>180</width>
		<height>60</height>
	</include>
	<include name="MusicVisualisation_coords12_21:9">
		<width>180</width>
		<height>60</height>
	</include>
	<include name="MusicVisualisation_coords12_21:9_masked">
		<width>180</width>
		<height>60</height>
	</include>
	<include name="MusicVisualisation_coords12_4:3">
		<width>180</width>
		<height>60</height>
	</include>
	
	<include name="MusicVisualisation_coords13">
		<include condition="String.IsEqual(Skin.AspectRatio,16:9) + True">MusicVisualisation_coords13_16:9</include>
		<include condition="String.IsEqual(Skin.AspectRatio,21:9)">MusicVisualisation_coords13_21:9</include>
		<include condition="String.IsEqual(Skin.AspectRatio,16:9) + False">MusicVisualisation_coords13_21:9_masked</include>
		<include condition="String.IsEqual(Skin.AspectRatio,4:3)">MusicVisualisation_coords13_4:3</include>
	</include>
	<include name="MusicVisualisation_coords13_16:9">
		<left>1280</left>
		<width>340</width>
		<height>60</height>
	</include>
	<include name="MusicVisualisation_coords13_21:9">
		<left>1920</left>
		<width>340</width>
		<height>60</height>
	</include>
	<include name="MusicVisualisation_coords13_21:9_masked">
		<left>1920</left>
		<width>340</width>
		<height>60</height>
	</include>
	<include name="MusicVisualisation_coords13_4:3">
		<left>800</left>
		<width>340</width>
		<height>60</height>
	</include>
	
	<include name="MusicVisualisation_coords14">
		<include condition="String.IsEqual(Skin.AspectRatio,16:9) + True">MusicVisualisation_coords14_16:9</include>
		<include condition="String.IsEqual(Skin.AspectRatio,21:9)">MusicVisualisation_coords14_21:9</include>
		<include condition="String.IsEqual(Skin.AspectRatio,16:9) + False">MusicVisualisation_coords14_21:9_masked</include>
		<include condition="String.IsEqual(Skin.AspectRatio,4:3)">MusicVisualisation_coords14_4:3</include>
	</include>
	<include name="MusicVisualisation_coords14_16:9">
		<left>20</left>
		<width>260</width>
		<height>60</height>
	</include>
	<include name="MusicVisualisation_coords14_21:9">
		<left>20</left>
		<width>260</width>
		<height>60</height>
	</include>
	<include name="MusicVisualisation_coords14_21:9_masked">
		<left>20</left>
		<width>260</width>
		<height>60</height>
	</include>
	<include name="MusicVisualisation_coords14_4:3">
		<left>20</left>
		<width>260</width>
		<height>60</height>
	</include>
	
	<include name="MusicVisualisation_coords15">
		<include condition="String.IsEqual(Skin.AspectRatio,16:9) + True">MusicVisualisation_coords15_16:9</include>
		<include condition="String.IsEqual(Skin.AspectRatio,21:9)">MusicVisualisation_coords15_21:9</include>
		<include condition="String.IsEqual(Skin.AspectRatio,16:9) + False">MusicVisualisation_coords15_21:9_masked</include>
		<include condition="String.IsEqual(Skin.AspectRatio,4:3)">MusicVisualisation_coords15_4:3</include>
	</include>
	<include name="MusicVisualisation_coords15_16:9">
		<left>20</left>
		<width>140</width>
		<height>60</height>
	</include>
	<include name="MusicVisualisation_coords15_21:9">
		<left>20</left>
		<width>140</width>
		<height>60</height>
	</include>
	<include name="MusicVisualisation_coords15_21:9_masked">
		<left>20</left>
		<width>140</width>
		<height>60</height>
	</include>
	<include name="MusicVisualisation_coords15_4:3">
		<left>20</left>
		<width>140</width>
		<height>60</height>
	</include>
	
	<include name="MusicVisualisation_coords16">
		<include condition="String.IsEqual(Skin.AspectRatio,16:9) + True">MusicVisualisation_coords16_16:9</include>
		<include condition="String.IsEqual(Skin.AspectRatio,21:9)">MusicVisualisation_coords16_21:9</include>
		<include condition="String.IsEqual(Skin.AspectRatio,16:9) + False">MusicVisualisation_coords16_21:9_masked</include>
		<include condition="String.IsEqual(Skin.AspectRatio,4:3)">MusicVisualisation_coords16_4:3</include>
	</include>
	<include name="MusicVisualisation_coords16_16:9">
		<left>280</left>
		<top>20</top>
		<width>920</width>
		<height>20</height>
	</include>
	<include name="MusicVisualisation_coords16_21:9">
		<left>280</left>
		<top>20</top>
		<width>1560</width>
		<height>20</height>
	</include>
	<include name="MusicVisualisation_coords16_21:9_masked">
		<left>280</left>
		<top>20</top>
		<width>1560</width>
		<height>20</height>
	</include>
	<include name="MusicVisualisation_coords16_4:3">
		<left>280</left>
		<top>20</top>
		<width>440</width>
		<height>20</height>
	</include>
	
	<include name="MusicVisualisation_coords17">
		<include condition="String.IsEqual(Skin.AspectRatio,16:9) + True">MusicVisualisation_coords17_16:9</include>
		<include condition="String.IsEqual(Skin.AspectRatio,21:9)">MusicVisualisation_coords17_21:9</include>
		<include condition="String.IsEqual(Skin.AspectRatio,16:9) + False">MusicVisualisation_coords17_21:9_masked</include>
		<include condition="String.IsEqual(Skin.AspectRatio,4:3)">MusicVisualisation_coords17_4:3</include>
	</include>
	<include name="MusicVisualisation_coords17_16:9">
		<left>1001</left>
		<width>600</width>
		<height>60</height>
	</include>
	<include name="MusicVisualisation_coords17_21:9">
		<left>1641</left>
		<width>600</width>
		<height>60</height>
	</include>
	<include name="MusicVisualisation_coords17_21:9_masked">
		<left>1641</left>
		<width>600</width>
		<height>60</height>
	</include>
	<include name="MusicVisualisation_coords17_4:3">
		<left>521</left>
		<width>600</width>
		<height>60</height>
	</include>
	
	<include name="MusicVisualisation_coords18">
		<include condition="String.IsEqual(Skin.AspectRatio,16:9) + True">MusicVisualisation_coords18_16:9</include>
		<include condition="String.IsEqual(Skin.AspectRatio,21:9)">MusicVisualisation_coords18_21:9</include>
		<include condition="String.IsEqual(Skin.AspectRatio,16:9) + False">MusicVisualisation_coords18_21:9_masked</include>
		<include condition="String.IsEqual(Skin.AspectRatio,4:3)">MusicVisualisation_coords18_4:3</include>
	</include>
	<include name="MusicVisualisation_coords18_16:9">
		<left>1301</left>
		<width>300</width>
		<height>60</height>
	</include>
	<include name="MusicVisualisation_coords18_21:9">
		<left>1941</left>
		<width>300</width>
		<height>60</height>
	</include>
	<include name="MusicVisualisation_coords18_21:9_masked">
		<left>1941</left>
		<width>300</width>
		<height>60</height>
	</include>
	<include name="MusicVisualisation_coords18_4:3">
		<left>821</left>
		<width>300</width>
		<height>60</height>
	</include>

</includes>