<?xml version="1.0" encoding="UTF-8"?>
<includes>

	<include name="DialogPictureInfo_coords1">
		<include condition="String.IsEqual(Skin.AspectRatio,16:9) + True">DialogPictureInfo_coords1_16:9</include>
		<include condition="String.IsEqual(Skin.AspectRatio,21:9)">DialogPictureInfo_coords1_21:9</include>
		<include condition="String.IsEqual(Skin.AspectRatio,16:9) + False">DialogPictureInfo_coords1_21:9_masked</include>
		<include condition="String.IsEqual(Skin.AspectRatio,4:3)">DialogPictureInfo_coords1_4:3</include>
	</include>
	<include name="DialogPictureInfo_coords1_16:9">
		<left>150</left>
		<top>225</top>
		<width>405</width>
		<height>600</height>
	</include>
	<include name="DialogPictureInfo_coords1_21:9">
		<left>150</left>
		<top>225</top>
		<width>405</width>
		<height>600</height>
	</include>
	<include name="DialogPictureInfo_coords1_21:9_masked">
		<left>150</left>
		<top>405</top>
		<width>405</width>
		<height>600</height>
	</include>
	<include name="DialogPictureInfo_coords1_4:3">
		<left>150</left>
		<top>225</top>
		<width>405</width>
		<height>600</height>
	</include>

	<include name="DialogPictureInfo_coords2">
		<include condition="String.IsEqual(Skin.AspectRatio,16:9) + True">DialogPictureInfo_coords2_16:9</include>
		<include condition="String.IsEqual(Skin.AspectRatio,21:9)">DialogPictureInfo_coords2_21:9</include>
		<include condition="String.IsEqual(Skin.AspectRatio,16:9) + False">DialogPictureInfo_coords2_21:9_masked</include>
		<include condition="String.IsEqual(Skin.AspectRatio,4:3)">DialogPictureInfo_coords2_4:3</include>
	</include>
	<include name="DialogPictureInfo_coords2_16:9">
		<left>630</left>
		<top>235</top>
		<width>1140</width>
		<height>580</height>
	</include>
	<include name="DialogPictureInfo_coords2_21:9">
		<left>630</left>
		<top>235</top>
		<width>1780</width>
		<height>580</height>
	</include>
	<include name="DialogPictureInfo_coords2_21:9_masked">
		<left>630</left>
		<top>415</top>
		<width>1780</width>
		<height>580</height>
	</include>
	<include name="DialogPictureInfo_coords2_4:3">
		<left>630</left>
		<top>235</top>
		<width>660</width>
		<height>580</height>
	</include>
	
	<include name="DialogPictureInfo_coords3">
		<include condition="String.IsEqual(Skin.AspectRatio,16:9) + True">DialogPictureInfo_coords3_16:9</include>
		<include condition="String.IsEqual(Skin.AspectRatio,21:9)">DialogPictureInfo_coords3_21:9</include>
		<include condition="String.IsEqual(Skin.AspectRatio,16:9) + False">DialogPictureInfo_coords3_21:9_masked</include>
		<include condition="String.IsEqual(Skin.AspectRatio,4:3)">DialogPictureInfo_coords3_4:3</include>
	</include>
	<include name="DialogPictureInfo_coords3_16:9">
		<itemlayout width="1140" height="58">
			<control type="label">
				<width>320</width>
				<height>58</height>
				<font>Font36</font>
				<textcolor>$VAR[TextColor2]</textcolor>
				<label>$INFO[ListItem.Label]</label>
			</control>
			<control type="label">
				<left>340</left>
				<width>800</width>
				<height>58</height>
				<font>Font36</font>
				<align>right</align>
				<textcolor>$VAR[TextColor2]</textcolor>
				<label>$INFO[ListItem.Label2]</label>
			</control>
		</itemlayout>
	</include>
	<include name="DialogPictureInfo_coords3_21:9">
		<itemlayout width="1780" height="58">
			<control type="label">
				<width>320</width>
				<height>58</height>
				<font>Font36</font>
				<textcolor>$VAR[TextColor2]</textcolor>
				<label>$INFO[ListItem.Label]</label>
			</control>
			<control type="label">
				<left>340</left>
				<width>1440</width>
				<height>58</height>
				<font>Font36</font>
				<align>right</align>
				<textcolor>$VAR[TextColor2]</textcolor>
				<label>$INFO[ListItem.Label2]</label>
			</control>
		</itemlayout>
	</include>
	<include name="DialogPictureInfo_coords3_21:9_masked">
		<itemlayout width="1780" height="58">
			<control type="label">
				<width>320</width>
				<height>58</height>
				<font>Font36</font>
				<textcolor>$VAR[TextColor2]</textcolor>
				<label>$INFO[ListItem.Label]</label>
			</control>
			<control type="label">
				<left>340</left>
				<width>1440</width>
				<height>58</height>
				<font>Font36</font>
				<align>right</align>
				<textcolor>$VAR[TextColor2]</textcolor>
				<label>$INFO[ListItem.Label2]</label>
			</control>
		</itemlayout>
	</include>
	<include name="DialogPictureInfo_coords3_4:3">
		<itemlayout width="660" height="58">
			<control type="label">
				<width>320</width>
				<height>58</height>
				<font>Font36</font>
				<textcolor>$VAR[TextColor2]</textcolor>
				<label>$INFO[ListItem.Label]</label>
			</control>
			<control type="label">
				<left>340</left>
				<width>320</width>
				<height>58</height>
				<font>Font36</font>
				<align>right</align>
				<textcolor>$VAR[TextColor2]</textcolor>
				<label>$INFO[ListItem.Label2]</label>
			</control>
		</itemlayout>
	</include>
	
	<include name="DialogPictureInfo_coords4">
		<include condition="String.IsEqual(Skin.AspectRatio,16:9) + True">DialogPictureInfo_coords4_16:9</include>
		<include condition="String.IsEqual(Skin.AspectRatio,21:9)">DialogPictureInfo_coords4_21:9</include>
		<include condition="String.IsEqual(Skin.AspectRatio,16:9) + False">DialogPictureInfo_coords4_21:9_masked</include>
		<include condition="String.IsEqual(Skin.AspectRatio,4:3)">DialogPictureInfo_coords4_4:3</include>
	</include>
	<include name="DialogPictureInfo_coords4_16:9">
		<focusedlayout width="1140" height="58">
			<control type="label">
				<width>320</width>
				<height>58</height>
				<font>Font36</font>
				<textcolor>$VAR[TextColor1]</textcolor>
				<label>$INFO[ListItem.Label]</label>
				<scroll>True</scroll>
				<animation effect="fade" start="100" end="75" time="0" condition="!Control.HasFocus(5)">Conditional</animation>
			</control>
			<control type="image">
				<width>1140</width>
				<height>58</height>
				<texture colordiffuse="$VAR[TextColor1]">$VAR[focus58]</texture>
				<animation effect="fade" start="100" end="75" time="200" tween="cubic" easing="out" reversible="true" condition="!Control.HasFocus(5)">Conditional</animation>
			</control>
			<control type="label">
				<left>340</left>
				<width>800</width>
				<height>58</height>
				<font>Font36</font>
				<align>right</align>
				<textcolor>$VAR[TextColor1]</textcolor>
				<label>$INFO[ListItem.Label2]</label>
				<scroll>True</scroll>
				<animation effect="fade" start="100" end="75" time="0" condition="!Control.HasFocus(5)">Conditional</animation>
			</control>
		</focusedlayout>
	</include>
	<include name="DialogPictureInfo_coords4_21:9">
		<focusedlayout width="1780" height="58">
			<control type="label">
				<width>320</width>
				<height>58</height>
				<font>Font36</font>
				<textcolor>$VAR[TextColor1]</textcolor>
				<label>$INFO[ListItem.Label]</label>
				<scroll>True</scroll>
				<animation effect="fade" start="100" end="75" time="0" condition="!Control.HasFocus(5)">Conditional</animation>
			</control>
			<control type="image">
				<width>1780</width>
				<height>58</height>
				<texture colordiffuse="$VAR[TextColor1]">$VAR[focus58]</texture>
				<animation effect="fade" start="100" end="75" time="200" tween="cubic" easing="out" reversible="true" condition="!Control.HasFocus(5)">Conditional</animation>
			</control>
			<control type="label">
				<left>300</left>
				<width>1440</width>
				<height>58</height>
				<font>Font36</font>
				<align>right</align>
				<textcolor>$VAR[TextColor1]</textcolor>
				<label>$INFO[ListItem.Label2]</label>
				<scroll>True</scroll>
				<animation effect="fade" start="100" end="75" time="0" condition="!Control.HasFocus(5)">Conditional</animation>
			</control>
		</focusedlayout>
	</include>
	<include name="DialogPictureInfo_coords4_21:9_masked">
		<focusedlayout width="1780" height="58">
			<control type="label">
				<width>320</width>
				<height>58</height>
				<font>Font36</font>
				<textcolor>$VAR[TextColor1]</textcolor>
				<label>$INFO[ListItem.Label]</label>
				<scroll>True</scroll>
				<animation effect="fade" start="100" end="75" time="0" condition="!Control.HasFocus(5)">Conditional</animation>
			</control>
			<control type="image">
				<width>1780</width>
				<height>58</height>
				<texture colordiffuse="$VAR[TextColor1]">$VAR[focus58]</texture>
				<animation effect="fade" start="100" end="75" time="200" tween="cubic" easing="out" reversible="true" condition="!Control.HasFocus(5)">Conditional</animation>
			</control>
			<control type="label">
				<left>340</left>
				<width>1440</width>
				<height>58</height>
				<font>Font36</font>
				<align>right</align>
				<textcolor>$VAR[TextColor1]</textcolor>
				<label>$INFO[ListItem.Label2]</label>
				<scroll>True</scroll>
				<animation effect="fade" start="100" end="75" time="0" condition="!Control.HasFocus(5)">Conditional</animation>
			</control>
		</focusedlayout>
	</include>
	<include name="DialogPictureInfo_coords4_4:3">
		<focusedlayout width="660" height="58">
			<control type="label">
				<width>320</width>
				<height>58</height>
				<font>Font36</font>
				<textcolor>$VAR[TextColor1]</textcolor>
				<label>$INFO[ListItem.Label]</label>
				<scroll>True</scroll>
				<animation effect="fade" start="100" end="75" time="0" condition="!Control.HasFocus(5)">Conditional</animation>
			</control>
			<control type="image">
				<width>660</width>
				<height>58</height>
				<texture colordiffuse="$VAR[TextColor1]">$VAR[focus58]</texture>
				<animation effect="fade" start="100" end="75" time="200" tween="cubic" easing="out" reversible="true" condition="!Control.HasFocus(5)">Conditional</animation>
			</control>
			<control type="label">
				<left>340</left>
				<width>320</width>
				<height>58</height>
				<font>Font36</font>
				<align>right</align>
				<textcolor>$VAR[TextColor1]</textcolor>
				<label>$INFO[ListItem.Label2]</label>
				<scroll>True</scroll>
				<animation effect="fade" start="100" end="75" time="0" condition="!Control.HasFocus(5)">Conditional</animation>
			</control>
		</focusedlayout>
	</include>
	
	<include name="DialogPictureInfo_coords5">
		<include condition="String.IsEqual(Skin.AspectRatio,16:9) + True">DialogPictureInfo_coords5_16:9</include>
		<include condition="String.IsEqual(Skin.AspectRatio,21:9)">DialogPictureInfo_coords5_21:9</include>
		<include condition="String.IsEqual(Skin.AspectRatio,16:9) + False">DialogPictureInfo_coords5_21:9_masked</include>
		<include condition="String.IsEqual(Skin.AspectRatio,4:3)">DialogPictureInfo_coords5_4:3</include>
	</include>
	<include name="DialogPictureInfo_coords5_16:9">
		<left>593</left>
		<top>235</top>
		<width>20</width>
		<height>580</height>
	</include>
	<include name="DialogPictureInfo_coords5_21:9">
		<left>593</left>
		<top>235</top>
		<width>20</width>
		<height>580</height>
	</include>
	<include name="DialogPictureInfo_coords5_21:9_masked">
		<left>593</left>
		<top>415</top>
		<width>20</width>
		<height>580</height>
	</include>
	<include name="DialogPictureInfo_coords5_4:3">
		<left>593</left>
		<top>235</top>
		<width>20</width>
		<height>580</height>
	</include>

</includes>