<?xml version="1.0" encoding="UTF-8"?>
<includes>

	<include name="DialogPlayerProcessInfo_coords1">
		<include condition="String.IsEqual(Skin.AspectRatio,16:9) + True">DialogPlayerProcessInfo_coords1_16:9</include>
		<include condition="String.IsEqual(Skin.AspectRatio,21:9)">DialogPlayerProcessInfo_coords1_21:9</include>
		<include condition="String.IsEqual(Skin.AspectRatio,16:9) + False">DialogPlayerProcessInfo_coords1_21:9_masked</include>
		<include condition="String.IsEqual(Skin.AspectRatio,4:3)">DialogPlayerProcessInfo_coords1_4:3</include>
	</include>
	<include name="DialogPlayerProcessInfo_coords1_16:9">
		<left>150</left>
		<top>75</top>
		<width>1620</width>
		<height>234</height>
	</include>
	<include name="DialogPlayerProcessInfo_coords1_21:9">
		<left>150</left>
		<top>75</top>
		<width>2260</width>
		<height>234</height>
	</include>
	<include name="DialogPlayerProcessInfo_coords1_21:9_masked">
		<left>150</left>
		<top>255</top>
		<width>2260</width>
		<height>234</height>
	</include>
	<include name="DialogPlayerProcessInfo_coords1_4:3">
		<left>150</left>
		<top>75</top>
		<width>1140</width>
		<height>234</height>
	</include>
	
	<include name="DialogPlayerProcessInfo_coords2">
		<include condition="String.IsEqual(Skin.AspectRatio,16:9) + True">DialogPlayerProcessInfo_coords2_16:9</include>
		<include condition="String.IsEqual(Skin.AspectRatio,21:9)">DialogPlayerProcessInfo_coords2_21:9</include>
		<include condition="String.IsEqual(Skin.AspectRatio,16:9) + False">DialogPlayerProcessInfo_coords2_21:9_masked</include>
		<include condition="String.IsEqual(Skin.AspectRatio,4:3)">DialogPlayerProcessInfo_coords2_4:3</include>
	</include>
	<include name="DialogPlayerProcessInfo_coords2_16:9">
		<width>1620</width>
		<height>234</height>
	</include>
	<include name="DialogPlayerProcessInfo_coords2_21:9">
		<width>2260</width>
		<height>234</height>
	</include>
	<include name="DialogPlayerProcessInfo_coords2_21:9_masked">
		<width>2260</width>
		<height>234</height>
	</include>
	<include name="DialogPlayerProcessInfo_coords2_4:3">
		<width>1140</width>
		<height>234</height>
	</include>
	
	<include name="DialogPlayerProcessInfo_coords3">
		<include condition="String.IsEqual(Skin.AspectRatio,16:9) + True">DialogPlayerProcessInfo_coords3_16:9</include>
		<include condition="String.IsEqual(Skin.AspectRatio,21:9)">DialogPlayerProcessInfo_coords3_21:9</include>
		<include condition="String.IsEqual(Skin.AspectRatio,16:9) + False">DialogPlayerProcessInfo_coords3_21:9_masked</include>
		<include condition="String.IsEqual(Skin.AspectRatio,4:3)">DialogPlayerProcessInfo_coords3_4:3</include>
	</include>
	<include name="DialogPlayerProcessInfo_coords3_16:9">
		<right>20</right>
		<top>20</top>
		<width>234</width>
		<height>194</height>
	</include>
	<include name="DialogPlayerProcessInfo_coords3_21:9">
		<right>20</right>
		<top>20</top>
		<width>234</width>
		<height>194</height>
	</include>
	<include name="DialogPlayerProcessInfo_coords3_21:9_masked">
		<right>20</right>
		<top>20</top>
		<width>234</width>
		<height>194</height>
	</include>
	<include name="DialogPlayerProcessInfo_coords3_4:3">
		<right>20</right>
		<top>20</top>
		<width>234</width>
		<height>194</height>
	</include>
	
	<include name="DialogPlayerProcessInfo_coords4">
		<include condition="String.IsEqual(Skin.AspectRatio,16:9) + True">DialogPlayerProcessInfo_coords4_16:9</include>
		<include condition="String.IsEqual(Skin.AspectRatio,21:9)">DialogPlayerProcessInfo_coords4_21:9</include>
		<include condition="String.IsEqual(Skin.AspectRatio,16:9) + False">DialogPlayerProcessInfo_coords4_21:9_masked</include>
		<include condition="String.IsEqual(Skin.AspectRatio,4:3)">DialogPlayerProcessInfo_coords4_4:3</include>
	</include>
	<include name="DialogPlayerProcessInfo_coords4_16:9">
		<left>20</left>
		<top>14</top>
	</include>
	<include name="DialogPlayerProcessInfo_coords4_21:9">
		<left>20</left>
		<top>14</top>
	</include>
	<include name="DialogPlayerProcessInfo_coords4_21:9_masked">
		<left>20</left>
		<top>14</top>
	</include>
	<include name="DialogPlayerProcessInfo_coords4_4:3">
		<left>20</left>
		<top>14</top>
	</include>
	
	<include name="DialogPlayerProcessInfo_coords5">
		<include condition="String.IsEqual(Skin.AspectRatio,16:9) + True">DialogPlayerProcessInfo_coords5_16:9</include>
		<include condition="String.IsEqual(Skin.AspectRatio,21:9)">DialogPlayerProcessInfo_coords5_21:9</include>
		<include condition="String.IsEqual(Skin.AspectRatio,16:9) + False">DialogPlayerProcessInfo_coords5_21:9_masked</include>
		<include condition="String.IsEqual(Skin.AspectRatio,4:3)">DialogPlayerProcessInfo_coords5_4:3</include>
	</include>
	<include name="DialogPlayerProcessInfo_coords5_16:9">
		<width>1280</width>
		<height>35</height>
	</include>
	<include name="DialogPlayerProcessInfo_coords5_21:9">
		<width>1920</width>
		<height>35</height>
	</include>
	<include name="DialogPlayerProcessInfo_coords5_21:9_masked">
		<width>1920</width>
		<height>35</height>
	</include>
	<include name="DialogPlayerProcessInfo_coords5_4:3">
		<width>800</width>
		<height>35</height>
	</include>
	
	<include name="DialogPlayerProcessInfo_coords6">
		<include condition="String.IsEqual(Skin.AspectRatio,16:9) + True">DialogPlayerProcessInfo_coords6_16:9</include>
		<include condition="String.IsEqual(Skin.AspectRatio,21:9)">DialogPlayerProcessInfo_coords6_21:9</include>
		<include condition="String.IsEqual(Skin.AspectRatio,16:9) + False">DialogPlayerProcessInfo_coords6_21:9_masked</include>
		<include condition="String.IsEqual(Skin.AspectRatio,4:3)">DialogPlayerProcessInfo_coords6_4:3</include>
	</include>
	<include name="DialogPlayerProcessInfo_coords6_16:9">
		<width>1620</width>
		<height>40</height>
		<top>249</top>
	</include>
	<include name="DialogPlayerProcessInfo_coords6_21:9">
		<width>2260</width>
		<height>40</height>
		<top>249</top>
	</include>
	<include name="DialogPlayerProcessInfo_coords6_21:9_masked">
		<width>2260</width>
		<height>40</height>
		<top>249</top>
	</include>
	<include name="DialogPlayerProcessInfo_coords6_4:3">
		<width>1140</width>
		<height>40</height>
		<top>249</top>
	</include>
	
	<include name="DialogPlayerProcessInfo_coords7">
		<include condition="String.IsEqual(Skin.AspectRatio,16:9) + True">DialogPlayerProcessInfo_coords7_16:9</include>
		<include condition="String.IsEqual(Skin.AspectRatio,21:9)">DialogPlayerProcessInfo_coords7_21:9</include>
		<include condition="String.IsEqual(Skin.AspectRatio,16:9) + False">DialogPlayerProcessInfo_coords7_21:9_masked</include>
		<include condition="String.IsEqual(Skin.AspectRatio,4:3)">DialogPlayerProcessInfo_coords7_4:3</include>
	</include>
	<include name="DialogPlayerProcessInfo_coords7_16:9">
		<width>1280</width>
		<height>40</height>
		<top>249</top>
		<left>20</left>
	</include>
	<include name="DialogPlayerProcessInfo_coords7_21:9">
		<width>1920</width>
		<height>40</height>
		<top>249</top>
		<left>20</left>
	</include>
	<include name="DialogPlayerProcessInfo_coords7_21:9_masked">
		<width>1920</width>
		<height>40</height>
		<top>249</top>
		<left>20</left>
	</include>
	<include name="DialogPlayerProcessInfo_coords7_4:3">
		<width>800</width>
		<height>40</height>
		<top>249</top>
		<left>20</left>
	</include>

</includes>