<?xml version="1.0" encoding="UTF-8"?>
<includes>

	<include name="DialogPVRChannelsOSD_coords1">
		<include condition="String.IsEqual(Skin.AspectRatio,16:9) + True">DialogPVRChannelsOSD_coords1_16:9</include>
		<include condition="String.IsEqual(Skin.AspectRatio,21:9)">DialogPVRChannelsOSD_coords1_21:9</include>
		<include condition="String.IsEqual(Skin.AspectRatio,16:9) + False">DialogPVRChannelsOSD_coords1_21:9_masked</include>
		<include condition="String.IsEqual(Skin.AspectRatio,4:3)">DialogPVRChannelsOSD_coords1_4:3</include>
	</include>
	<include name="DialogPVRChannelsOSD_coords1_16:9">
		<left>100</left>
		<top>171</top>
		<width>1720</width>
		<height>738</height>
	</include>
	<include name="DialogPVRChannelsOSD_coords1_21:9">
		<left>420</left>
		<top>171</top>
		<width>1720</width>
		<height>738</height>
	</include>
	<include name="DialogPVRChannelsOSD_coords1_21:9_masked">
		<left>420</left>
		<top>351</top>
		<width>1720</width>
		<height>738</height>
	</include>
	<include name="DialogPVRChannelsOSD_coords1_4:3">
		<left>100</left>
		<top>171</top>
		<width>1240</width>
		<height>738</height>
	</include>
	
	<include name="DialogPVRChannelsOSD_coords2">
		<include condition="String.IsEqual(Skin.AspectRatio,16:9) + True">DialogPVRChannelsOSD_coords2_16:9</include>
		<include condition="String.IsEqual(Skin.AspectRatio,21:9)">DialogPVRChannelsOSD_coords2_21:9</include>
		<include condition="String.IsEqual(Skin.AspectRatio,16:9) + False">DialogPVRChannelsOSD_coords2_21:9_masked</include>
		<include condition="String.IsEqual(Skin.AspectRatio,4:3)">DialogPVRChannelsOSD_coords2_4:3</include>
	</include>
	<include name="DialogPVRChannelsOSD_coords2_16:9">
		<width>1720</width>
		<height>738</height>
	</include>
	<include name="DialogPVRChannelsOSD_coords2_21:9">
		<width>1720</width>
		<height>738</height>
	</include>
	<include name="DialogPVRChannelsOSD_coords2_21:9_masked">
		<width>1720</width>
		<height>738</height>
	</include>
	<include name="DialogPVRChannelsOSD_coords2_4:3">
		<width>1240</width>
		<height>738</height>
	</include>
	
	<include name="DialogPVRChannelsOSD_coords3">
		<include condition="String.IsEqual(Skin.AspectRatio,16:9) + True">DialogPVRChannelsOSD_coords3_16:9</include>
		<include condition="String.IsEqual(Skin.AspectRatio,21:9)">DialogPVRChannelsOSD_coords3_21:9</include>
		<include condition="String.IsEqual(Skin.AspectRatio,16:9) + False">DialogPVRChannelsOSD_coords3_21:9_masked</include>
		<include condition="String.IsEqual(Skin.AspectRatio,4:3)">DialogPVRChannelsOSD_coords3_4:3</include>
	</include>
	<include name="DialogPVRChannelsOSD_coords3_16:9">
		<left>265</left>
		<top>31</top>
		<width>220</width>
		<height>220</height>
	</include>
	<include name="DialogPVRChannelsOSD_coords3_21:9">
		<left>265</left>
		<top>31</top>
		<width>220</width>
		<height>220</height>
	</include>
	<include name="DialogPVRChannelsOSD_coords3_21:9_masked">
		<left>265</left>
		<top>31</top>
		<width>220</width>
		<height>220</height>
	</include>
	<include name="DialogPVRChannelsOSD_coords3_4:3">
		<left>204</left>
		<top>31</top>
		<width>220</width>
		<height>220</height>
	</include>
	
	<include name="DialogPVRChannelsOSD_coords4">
		<include condition="String.IsEqual(Skin.AspectRatio,16:9) + True">DialogPVRChannelsOSD_coords4_16:9</include>
		<include condition="String.IsEqual(Skin.AspectRatio,21:9)">DialogPVRChannelsOSD_coords4_21:9</include>
		<include condition="String.IsEqual(Skin.AspectRatio,16:9) + False">DialogPVRChannelsOSD_coords4_21:9_masked</include>
		<include condition="String.IsEqual(Skin.AspectRatio,4:3)">DialogPVRChannelsOSD_coords4_4:3</include>
	</include>
	<include name="DialogPVRChannelsOSD_coords4_16:9">
		<left>70</left>
		<top>282</top>
		<width>650</width>
		<height>436</height>
	</include>
	<include name="DialogPVRChannelsOSD_coords4_21:9">
		<left>70</left>
		<top>282</top>
		<width>650</width>
		<height>436</height>
	</include>
	<include name="DialogPVRChannelsOSD_coords4_21:9_masked">
		<left>70</left>
		<top>282</top>
		<width>650</width>
		<height>436</height>
	</include>
	<include name="DialogPVRChannelsOSD_coords4_4:3">
		<left>70</left>
		<top>282</top>
		<width>488</width>
		<height>436</height>
	</include>
	
	<include name="DialogPVRChannelsOSD_coords5">
		<include condition="String.IsEqual(Skin.AspectRatio,16:9) + True">DialogPVRChannelsOSD_coords5_16:9</include>
		<include condition="String.IsEqual(Skin.AspectRatio,21:9)">DialogPVRChannelsOSD_coords5_21:9</include>
		<include condition="String.IsEqual(Skin.AspectRatio,16:9) + False">DialogPVRChannelsOSD_coords5_21:9_masked</include>
		<include condition="String.IsEqual(Skin.AspectRatio,4:3)">DialogPVRChannelsOSD_coords5_4:3</include>
	</include>
	<include name="DialogPVRChannelsOSD_coords5_16:9">
		<left>800</left>
		<top>25</top>
		<width>750</width>
		<height>33</height>
	</include>
	<include name="DialogPVRChannelsOSD_coords5_21:9">
		<left>800</left>
		<top>25</top>
		<width>750</width>
		<height>33</height>
	</include>
	<include name="DialogPVRChannelsOSD_coords5_21:9_masked">
		<left>800</left>
		<top>25</top>
		<width>750</width>
		<height>33</height>
	</include>
	<include name="DialogPVRChannelsOSD_coords5_4:3">
		<left>613</left>
		<top>25</top>
		<width>563</width>
		<height>33</height>
	</include>
	
	<include name="DialogPVRChannelsOSD_coords6">
		<include condition="String.IsEqual(Skin.AspectRatio,16:9) + True">DialogPVRChannelsOSD_coords6_16:9</include>
		<include condition="String.IsEqual(Skin.AspectRatio,21:9)">DialogPVRChannelsOSD_coords6_21:9</include>
		<include condition="String.IsEqual(Skin.AspectRatio,16:9) + False">DialogPVRChannelsOSD_coords6_21:9_masked</include>
		<include condition="String.IsEqual(Skin.AspectRatio,4:3)">DialogPVRChannelsOSD_coords6_4:3</include>
	</include>
	<include name="DialogPVRChannelsOSD_coords6_16:9">
		<left>800</left>
		<top>83</top>
		<width>750</width>
		<height>630</height>
	</include>
	<include name="DialogPVRChannelsOSD_coords6_21:9">
		<left>800</left>
		<top>83</top>
		<width>750</width>
		<height>630</height>
	</include>
	<include name="DialogPVRChannelsOSD_coords6_21:9_masked">
		<left>800</left>
		<top>83</top>
		<width>750</width>
		<height>630</height>
	</include>
	<include name="DialogPVRChannelsOSD_coords6_4:3">
		<left>613</left>
		<top>83</top>
		<width>563</width>
		<height>630</height>
	</include>
	
	<include name="DialogPVRChannelsOSD_coords7">
		<include condition="String.IsEqual(Skin.AspectRatio,16:9) + True">DialogPVRChannelsOSD_coords7_16:9</include>
		<include condition="String.IsEqual(Skin.AspectRatio,21:9)">DialogPVRChannelsOSD_coords7_21:9</include>
		<include condition="String.IsEqual(Skin.AspectRatio,16:9) + False">DialogPVRChannelsOSD_coords7_21:9_masked</include>
		<include condition="String.IsEqual(Skin.AspectRatio,4:3)">DialogPVRChannelsOSD_coords7_4:3</include>
	</include>
	<include name="DialogPVRChannelsOSD_coords7_16:9">
		<itemlayout height="90" width="750">
			<control type="label">
				<left>32</left>
				<top>-12</top>
				<width>718</width>
				<height>90</height>
				<font>Font36</font>
				<label>$INFO[ListItem.ChannelName]</label>
				<textcolor>$VAR[TextColor2]</textcolor>
			</control>
			<control type="label">
				<left>32</left>
				<top>58</top>
				<width>718</width>
				<height>27</height>
				<font>Font27</font>
				<textcolor>$VAR[TextColor2]</textcolor>
				<label>[LIGHT]$INFO[ListItem.StartTime,,:][/LIGHT] $INFO[ListItem.Title]</label>
				<animation effect="fade" start="100" end="50" time="200" tween="cubic" easing="out" reversible="true" condition="!Control.HasFocus(11)">Conditional</animation>
			</control>

			<control type="label">
				<left>32</left>
				<top>-12</top>
				<width>718</width>
				<height>90</height>
				<font>Font36</font>
				<label>$INFO[ListItem.ChannelNumberLabel]</label>
				<align>right</align>
				<textcolor>$VAR[TextColor2]</textcolor>
			</control>
		</itemlayout>
	</include>
	<include name="DialogPVRChannelsOSD_coords7_21:9">
		<itemlayout height="90" width="750">
			<control type="label">
				<left>32</left>
				<top>-12</top>
				<width>718</width>
				<height>90</height>
				<font>Font36</font>
				<label>$INFO[ListItem.ChannelName]</label>
				<textcolor>$VAR[TextColor2]</textcolor>
			</control>
			<control type="label">
				<left>32</left>
				<top>58</top>
				<width>718</width>
				<height>27</height>
				<font>Font27</font>
				<textcolor>$VAR[TextColor2]</textcolor>
				<label>[LIGHT]$INFO[ListItem.StartTime,,:][/LIGHT] $INFO[ListItem.Title]</label>
				<animation effect="fade" start="100" end="50" time="200" tween="cubic" easing="out" reversible="true" condition="!Control.HasFocus(11)">Conditional</animation>
			</control>

			<control type="label">
				<left>32</left>
				<top>-12</top>
				<width>718</width>
				<height>90</height>
				<font>Font36</font>
				<label>$INFO[ListItem.ChannelNumberLabel]</label>
				<align>right</align>
				<textcolor>$VAR[TextColor2]</textcolor>
			</control>
		</itemlayout>
	</include>
	<include name="DialogPVRChannelsOSD_coords7_21:9_masked">
		<itemlayout height="90" width="750">
			<control type="label">
				<left>32</left>
				<top>-12</top>
				<width>718</width>
				<height>90</height>
				<font>Font36</font>
				<label>$INFO[ListItem.ChannelName]</label>
				<textcolor>$VAR[TextColor2]</textcolor>
			</control>
			<control type="label">
				<left>32</left>
				<top>58</top>
				<width>718</width>
				<height>27</height>
				<font>Font27</font>
				<textcolor>$VAR[TextColor2]</textcolor>
				<label>[LIGHT]$INFO[ListItem.StartTime,,:][/LIGHT] $INFO[ListItem.Title]</label>
				<animation effect="fade" start="100" end="50" time="200" tween="cubic" easing="out" reversible="true" condition="!Control.HasFocus(11)">Conditional</animation>
			</control>

			<control type="label">
				<left>32</left>
				<top>-12</top>
				<width>718</width>
				<height>90</height>
				<font>Font36</font>
				<label>$INFO[ListItem.ChannelNumberLabel]</label>
				<align>right</align>
				<textcolor>$VAR[TextColor2]</textcolor>
			</control>
		</itemlayout>
	</include>
	<include name="DialogPVRChannelsOSD_coords7_4:3">
		<itemlayout height="90" width="563">
			<control type="label">
				<left>32</left>
				<top>-12</top>
				<width>531</width>
				<height>90</height>
				<font>Font36</font>
				<label>$INFO[ListItem.ChannelName]</label>
				<textcolor>$VAR[TextColor2]</textcolor>
			</control>
			<control type="label">
				<left>32</left>
				<top>58</top>
				<width>531</width>
				<height>27</height>
				<font>Font27</font>
				<textcolor>$VAR[TextColor2]</textcolor>
				<label>[LIGHT]$INFO[ListItem.StartTime,,:][/LIGHT] $INFO[ListItem.Title]</label>
				<animation effect="fade" start="100" end="50" time="200" tween="cubic" easing="out" reversible="true" condition="!Control.HasFocus(11)">Conditional</animation>
			</control>

			<control type="label">
				<left>32</left>
				<top>-12</top>
				<width>531</width>
				<height>90</height>
				<font>Font36</font>
				<label>$INFO[ListItem.ChannelNumberLabel]</label>
				<align>right</align>
				<textcolor>$VAR[TextColor2]</textcolor>
			</control>
		</itemlayout>
	</include>
	
	<include name="DialogPVRChannelsOSD_coords8">
		<include condition="String.IsEqual(Skin.AspectRatio,16:9) + True">DialogPVRChannelsOSD_coords8_16:9</include>
		<include condition="String.IsEqual(Skin.AspectRatio,21:9)">DialogPVRChannelsOSD_coords8_21:9</include>
		<include condition="String.IsEqual(Skin.AspectRatio,16:9) + False">DialogPVRChannelsOSD_coords8_21:9_masked</include>
		<include condition="String.IsEqual(Skin.AspectRatio,4:3)">DialogPVRChannelsOSD_coords8_4:3</include>
	</include>
	<include name="DialogPVRChannelsOSD_coords8_16:9">
		<focusedlayout height="180" width="750">
			<control type="label">
				<left>32</left>
				<top>43</top>
				<width>718</width>
				<height>48</height>
				<font>Font48</font>
				<label>$INFO[ListItem.ChannelName]</label>
				<textcolor>$VAR[TextColor1]</textcolor>
				<animation effect="fade" start="100" end="50" time="200" tween="cubic" easing="out" reversible="true" condition="!Control.HasFocus(11)">Conditional</animation>
			</control>
			<control type="label">
				<left>32</left>
				<top>100</top>
				<width>718</width>
				<height>27</height>
				<font>Font27</font>
				<label>[LIGHT]$INFO[ListItem.StartTime,,:][/LIGHT] $INFO[ListItem.Title]</label>
				<textcolor>$VAR[TextColor1]</textcolor>
				<animation effect="fade" start="100" end="50" time="200" tween="cubic" easing="out" reversible="true" condition="!Control.HasFocus(11)">Conditional</animation>
			</control>
			<control type="label">
				<left>32</left>
				<top>127</top>
				<width>718</width>
				<height>27</height>
				<font>Font27</font>
				<label>[LIGHT]$INFO[ListItem.NextStartTime,,:][/LIGHT] $INFO[ListItem.NextTitle]</label>
				<textcolor>$VAR[TextColor1]</textcolor>
				<animation effect="fade" start="100" end="50" time="200" tween="cubic" easing="out" reversible="true" condition="!Control.HasFocus(11)">Conditional</animation>
			</control>
			<control type="image">
				<left>32</left>
				<top>43</top>
				<width>718</width>
				<height>58</height>
				<texture colordiffuse="$VAR[TextColor1]">$VAR[focus58]</texture>
				<animation effect="fade" start="100" end="50" time="200" tween="cubic" easing="out" reversible="true" condition="!Control.HasFocus(11)">Conditional</animation>
			</control>
			<control type="label">
				<left>32</left>
				<top>43</top>
				<width>718</width>
				<height>48</height>
				<font>Font36</font>
				<label>$INFO[ListItem.ChannelNumberLabel]</label>
				<align>right</align>
				<textcolor>$VAR[TextColor1]</textcolor>
				<animation effect="fade" start="100" end="50" time="200" tween="cubic" easing="out" reversible="true" condition="!Control.HasFocus(11)">Conditional</animation>
			</control>
		</focusedlayout>
	</include>
	<include name="DialogPVRChannelsOSD_coords8_21:9">
		<focusedlayout height="180" width="750">
			<control type="label">
				<left>32</left>
				<top>43</top>
				<width>718</width>
				<height>48</height>
				<font>Font48</font>
				<label>$INFO[ListItem.ChannelName]</label>
				<textcolor>$VAR[TextColor1]</textcolor>
				<animation effect="fade" start="100" end="50" time="200" tween="cubic" easing="out" reversible="true" condition="!Control.HasFocus(11)">Conditional</animation>
			</control>
			<control type="label">
				<left>32</left>
				<top>100</top>
				<width>718</width>
				<height>27</height>
				<font>Font27</font>
				<label>[LIGHT]$INFO[ListItem.StartTime,,:][/LIGHT] $INFO[ListItem.Title]</label>
				<textcolor>$VAR[TextColor1]</textcolor>
				<animation effect="fade" start="100" end="50" time="200" tween="cubic" easing="out" reversible="true" condition="!Control.HasFocus(11)">Conditional</animation>
			</control>
			<control type="label">
				<left>32</left>
				<top>127</top>
				<width>718</width>
				<height>27</height>
				<font>Font27</font>
				<label>[LIGHT]$INFO[ListItem.NextStartTime,,:][/LIGHT] $INFO[ListItem.NextTitle]</label>
				<textcolor>$VAR[TextColor1]</textcolor>
				<animation effect="fade" start="100" end="50" time="200" tween="cubic" easing="out" reversible="true" condition="!Control.HasFocus(11)">Conditional</animation>
			</control>
			<control type="image">
				<left>32</left>
				<top>43</top>
				<width>718</width>
				<height>58</height>
				<texture colordiffuse="$VAR[TextColor1]">$VAR[focus58]</texture>
				<animation effect="fade" start="100" end="50" time="200" tween="cubic" easing="out" reversible="true" condition="!Control.HasFocus(11)">Conditional</animation>
			</control>
			<control type="label">
				<left>32</left>
				<top>43</top>
				<width>718</width>
				<height>48</height>
				<font>Font36</font>
				<label>$INFO[ListItem.ChannelNumberLabel]</label>
				<align>right</align>
				<textcolor>$VAR[TextColor1]</textcolor>
				<animation effect="fade" start="100" end="50" time="200" tween="cubic" easing="out" reversible="true" condition="!Control.HasFocus(11)">Conditional</animation>
			</control>
		</focusedlayout>
	</include>
	<include name="DialogPVRChannelsOSD_coords8_21:9_masked">
		<focusedlayout height="180" width="750">
			<control type="label">
				<left>32</left>
				<top>43</top>
				<width>718</width>
				<height>48</height>
				<font>Font48</font>
				<label>$INFO[ListItem.ChannelName]</label>
				<textcolor>$VAR[TextColor1]</textcolor>
				<animation effect="fade" start="100" end="50" time="200" tween="cubic" easing="out" reversible="true" condition="!Control.HasFocus(11)">Conditional</animation>
			</control>
			<control type="label">
				<left>32</left>
				<top>100</top>
				<width>718</width>
				<height>27</height>
				<font>Font27</font>
				<label>[LIGHT]$INFO[ListItem.StartTime,,:][/LIGHT] $INFO[ListItem.Title]</label>
				<textcolor>$VAR[TextColor1]</textcolor>
				<animation effect="fade" start="100" end="50" time="200" tween="cubic" easing="out" reversible="true" condition="!Control.HasFocus(11)">Conditional</animation>
			</control>
			<control type="label">
				<left>32</left>
				<top>127</top>
				<width>718</width>
				<height>27</height>
				<font>Font27</font>
				<label>[LIGHT]$INFO[ListItem.NextStartTime,,:][/LIGHT] $INFO[ListItem.NextTitle]</label>
				<textcolor>$VAR[TextColor1]</textcolor>
				<animation effect="fade" start="100" end="50" time="200" tween="cubic" easing="out" reversible="true" condition="!Control.HasFocus(11)">Conditional</animation>
			</control>
			<control type="image">
				<left>32</left>
				<top>43</top>
				<width>718</width>
				<height>58</height>
				<texture colordiffuse="$VAR[TextColor1]">$VAR[focus58]</texture>
				<animation effect="fade" start="100" end="50" time="200" tween="cubic" easing="out" reversible="true" condition="!Control.HasFocus(11)">Conditional</animation>
			</control>
			<control type="label">
				<left>32</left>
				<top>43</top>
				<width>718</width>
				<height>48</height>
				<font>Font36</font>
				<label>$INFO[ListItem.ChannelNumberLabel]</label>
				<align>right</align>
				<textcolor>$VAR[TextColor1]</textcolor>
				<animation effect="fade" start="100" end="50" time="200" tween="cubic" easing="out" reversible="true" condition="!Control.HasFocus(11)">Conditional</animation>
			</control>
		</focusedlayout>
	</include>
	<include name="DialogPVRChannelsOSD_coords8_4:3">
		<focusedlayout height="180" width="563">
			<control type="label">
				<left>32</left>
				<top>43</top>
				<width>531</width>
				<height>48</height>
				<font>Font48</font>
				<label>$INFO[ListItem.ChannelName]</label>
				<textcolor>$VAR[TextColor1]</textcolor>
				<animation effect="fade" start="100" end="50" time="200" tween="cubic" easing="out" reversible="true" condition="!Control.HasFocus(11)">Conditional</animation>
			</control>
			<control type="label">
				<left>32</left>
				<top>100</top>
				<width>531</width>
				<height>27</height>
				<font>Font27</font>
				<label>[LIGHT]$INFO[ListItem.StartTime,,:][/LIGHT] $INFO[ListItem.Title]</label>
				<textcolor>$VAR[TextColor1]</textcolor>
				<animation effect="fade" start="100" end="50" time="200" tween="cubic" easing="out" reversible="true" condition="!Control.HasFocus(11)">Conditional</animation>
			</control>
			<control type="label">
				<left>32</left>
				<top>127</top>
				<width>531</width>
				<height>27</height>
				<font>Font27</font>
				<label>[LIGHT]$INFO[ListItem.NextStartTime,,:][/LIGHT] $INFO[ListItem.NextTitle]</label>
				<textcolor>$VAR[TextColor1]</textcolor>
				<animation effect="fade" start="100" end="50" time="200" tween="cubic" easing="out" reversible="true" condition="!Control.HasFocus(11)">Conditional</animation>
			</control>
			<control type="image">
				<left>32</left>
				<top>43</top>
				<width>531</width>
				<height>58</height>
				<texture colordiffuse="$VAR[TextColor1]">$VAR[focus58]</texture>
				<animation effect="fade" start="100" end="50" time="200" tween="cubic" easing="out" reversible="true" condition="!Control.HasFocus(11)">Conditional</animation>
			</control>
			<control type="label">
				<left>32</left>
				<top>43</top>
				<width>531</width>
				<height>48</height>
				<font>Font36</font>
				<label>$INFO[ListItem.ChannelNumberLabel]</label>
				<align>right</align>
				<textcolor>$VAR[TextColor1]</textcolor>
				<animation effect="fade" start="100" end="50" time="200" tween="cubic" easing="out" reversible="true" condition="!Control.HasFocus(11)">Conditional</animation>
			</control>
		</focusedlayout>
	</include>
	
	<include name="DialogPVRChannelsOSD_coords9">
		<include condition="String.IsEqual(Skin.AspectRatio,16:9) + True">DialogPVRChannelsOSD_coords9_16:9</include>
		<include condition="String.IsEqual(Skin.AspectRatio,21:9)">DialogPVRChannelsOSD_coords9_21:9</include>
		<include condition="String.IsEqual(Skin.AspectRatio,16:9) + False">DialogPVRChannelsOSD_coords9_21:9_masked</include>
		<include condition="String.IsEqual(Skin.AspectRatio,4:3)">DialogPVRChannelsOSD_coords9_4:3</include>
	</include>
	<include name="DialogPVRChannelsOSD_coords9_16:9">
		<left>750</left>
		<top>83</top>
		<width>20</width>
		<height>630</height>
	</include>
	<include name="DialogPVRChannelsOSD_coords9_21:9">
		<left>750</left>
		<top>83</top>
		<width>20</width>
		<height>630</height>
	</include>
	<include name="DialogPVRChannelsOSD_coords9_21:9_masked">
		<left>750</left>
		<top>83</top>
		<width>20</width>
		<height>630</height>
	</include>
	<include name="DialogPVRChannelsOSD_coords9_4:3">
		<left>563</left>
		<top>83</top>
		<width>20</width>
		<height>630</height>
	</include>

</includes>