<?xml version="1.0" encoding="UTF-8"?>
<includes>
	
	<include name="Viewtype531_coords1">
		<include condition="String.IsEqual(Skin.AspectRatio,16:9) + True">Viewtype531_coords1_16:9</include>
		<include condition="String.IsEqual(Skin.AspectRatio,21:9)">Viewtype531_coords1_21:9</include>
		<include condition="String.IsEqual(Skin.AspectRatio,16:9) + False">Viewtype531_coords1_21:9_masked</include>
		<include condition="String.IsEqual(Skin.AspectRatio,4:3)">Viewtype531_coords1_4:3</include>
	</include>
	<include name="Viewtype531_coords1_16:9">
		<left>120</left>
		<top>190</top>
	</include>
	<include name="Viewtype531_coords1_21:9">
		<left>120</left>
		<top>190</top>
	</include>
	<include name="Viewtype531_coords1_21:9_masked">
		<left>120</left>
		<top>370</top>
	</include>
	<include name="Viewtype531_coords1_4:3">
		<left>120</left>
		<top>190</top>
	</include>
	
	<include name="Viewtype531_coords2">
		<include condition="String.IsEqual(Skin.AspectRatio,16:9) + True">Viewtype531_coords2_16:9</include>
		<include condition="String.IsEqual(Skin.AspectRatio,21:9)">Viewtype531_coords2_21:9</include>
		<include condition="String.IsEqual(Skin.AspectRatio,16:9) + False">Viewtype531_coords2_21:9_masked</include>
		<include condition="String.IsEqual(Skin.AspectRatio,4:3)">Viewtype531_coords2_4:3</include>
	</include>
	<include name="Viewtype531_coords2_16:9">
		<left>0</left>
		<top>52</top>
		<width>450</width>
		<height>45</height>
	</include>
	<include name="Viewtype531_coords2_21:9">
		<left>0</left>
		<top>52</top>
		<width>450</width>
		<height>45</height>
	</include>
	<include name="Viewtype531_coords2_21:9_masked">
		<left>0</left>
		<top>52</top>
		<width>450</width>
		<height>45</height>
	</include>
	<include name="Viewtype531_coords2_4:3">
		<left>0</left>
		<top>52</top>
		<width>450</width>
		<height>45</height>
	</include>
	
	<include name="Viewtype531_coords3">
		<include condition="String.IsEqual(Skin.AspectRatio,16:9) + True">Viewtype531_coords3_16:9</include>
		<include condition="String.IsEqual(Skin.AspectRatio,21:9)">Viewtype531_coords3_21:9</include>
		<include condition="String.IsEqual(Skin.AspectRatio,16:9) + False">Viewtype531_coords3_21:9_masked</include>
		<include condition="String.IsEqual(Skin.AspectRatio,4:3)">Viewtype531_coords3_4:3</include>
	</include>
	<include name="Viewtype531_coords3_16:9">
		<left>0</left>
		<top>131</top>
		<width>450</width>
		<height>27</height>
	</include>
	<include name="Viewtype531_coords3_21:9">
		<left>0</left>
		<top>131</top>
		<width>450</width>
		<height>27</height>
	</include>
	<include name="Viewtype531_coords3_21:9_masked">
		<left>0</left>
		<top>131</top>
		<width>450</width>
		<height>27</height>
	</include>
	<include name="Viewtype531_coords3_4:3">
		<left>0</left>
		<top>131</top>
		<width>450</width>
		<height>27</height>
	</include>
	
	<include name="Viewtype531_coords4">
		<include condition="String.IsEqual(Skin.AspectRatio,16:9) + True">Viewtype531_coords4_16:9</include>
		<include condition="String.IsEqual(Skin.AspectRatio,21:9)">Viewtype531_coords4_21:9</include>
		<include condition="String.IsEqual(Skin.AspectRatio,16:9) + False">Viewtype531_coords4_21:9_masked</include>
		<include condition="String.IsEqual(Skin.AspectRatio,4:3)">Viewtype531_coords4_4:3</include>
	</include>
	<include name="Viewtype531_coords4_16:9">
		<left>0</left>
		<top>173</top>
		<width>450</width>
		<height>27</height>
	</include>
	<include name="Viewtype531_coords4_21:9">
		<left>0</left>
		<top>173</top>
		<width>450</width>
		<height>27</height>
	</include>
	<include name="Viewtype531_coords4_21:9_masked">
		<left>0</left>
		<top>173</top>
		<width>450</width>
		<height>27</height>
	</include>
	<include name="Viewtype531_coords4_4:3">
		<left>0</left>
		<top>173</top>
		<width>450</width>
		<height>27</height>
	</include>
	
	<include name="Viewtype531_coords5">
		<include condition="String.IsEqual(Skin.AspectRatio,16:9) + True">Viewtype531_coords5_16:9</include>
		<include condition="String.IsEqual(Skin.AspectRatio,21:9)">Viewtype531_coords5_21:9</include>
		<include condition="String.IsEqual(Skin.AspectRatio,16:9) + False">Viewtype531_coords5_21:9_masked</include>
		<include condition="String.IsEqual(Skin.AspectRatio,4:3)">Viewtype531_coords5_4:3</include>
	</include>
	<include name="Viewtype531_coords5_16:9">
		<left>0</left>
		<top>350</top>
		<width>450</width>
		<height>45</height>
	</include>
	<include name="Viewtype531_coords5_21:9">
		<left>0</left>
		<top>350</top>
		<width>450</width>
		<height>45</height>
	</include>
	<include name="Viewtype531_coords5_21:9_masked">
		<left>0</left>
		<top>350</top>
		<width>450</width>
		<height>45</height>
	</include>
	<include name="Viewtype531_coords5_4:3">
		<left>0</left>
		<top>350</top>
		<width>450</width>
		<height>45</height>
	</include>
	
	<include name="Viewtype531_coords6">
		<include condition="String.IsEqual(Skin.AspectRatio,16:9) + True">Viewtype531_coords6_16:9</include>
		<include condition="String.IsEqual(Skin.AspectRatio,21:9)">Viewtype531_coords6_21:9</include>
		<include condition="String.IsEqual(Skin.AspectRatio,16:9) + False">Viewtype531_coords6_21:9_masked</include>
		<include condition="String.IsEqual(Skin.AspectRatio,4:3)">Viewtype531_coords6_4:3</include>
	</include>
	<include name="Viewtype531_coords6_16:9">
		<left>0</left>
		<top>234</top>
		<width>450</width>
		<height>380</height>
	</include>
	<include name="Viewtype531_coords6_21:9">
		<left>0</left>
		<top>234</top>
		<width>450</width>
		<height>380</height>
	</include>
	<include name="Viewtype531_coords6_21:9_masked">
		<left>0</left>
		<top>234</top>
		<width>450</width>
		<height>380</height>
	</include>
	<include name="Viewtype531_coords6_4:3">
		<left>0</left>
		<top>234</top>
		<width>450</width>
		<height>380</height>
	</include>
	
	<include name="Viewtype531_coords7">
		<include condition="String.IsEqual(Skin.AspectRatio,16:9) + True">Viewtype531_coords7_16:9</include>
		<include condition="String.IsEqual(Skin.AspectRatio,21:9)">Viewtype531_coords7_21:9</include>
		<include condition="String.IsEqual(Skin.AspectRatio,16:9) + False">Viewtype531_coords7_21:9_masked</include>
		<include condition="String.IsEqual(Skin.AspectRatio,4:3)">Viewtype531_coords7_4:3</include>
	</include>
	<include name="Viewtype531_coords7_16:9">
		<left>0</left>
		<top>194</top>
		<width>450</width>
		<height>420</height>
	</include>
	<include name="Viewtype531_coords7_21:9">
		<left>0</left>
		<top>194</top>
		<width>450</width>
		<height>420</height>
	</include>
	<include name="Viewtype531_coords7_21:9_masked">
		<left>0</left>
		<top>194</top>
		<width>450</width>
		<height>420</height>
	</include>
	<include name="Viewtype531_coords7_4:3">
		<left>0</left>
		<top>194</top>
		<width>450</width>
		<height>420</height>
	</include>
	
	<include name="Viewtype531_coords8">
		<include condition="String.IsEqual(Skin.AspectRatio,16:9) + True">Viewtype531_coords8_16:9</include>
		<include condition="String.IsEqual(Skin.AspectRatio,21:9)">Viewtype531_coords8_21:9</include>
		<include condition="String.IsEqual(Skin.AspectRatio,16:9) + False">Viewtype531_coords8_21:9_masked</include>
		<include condition="String.IsEqual(Skin.AspectRatio,4:3)">Viewtype531_coords8_4:3</include>
	</include>
	<include name="Viewtype531_coords8_16:9">
		<left>750</left>
		<top>175</top>
		<width>1020</width>
		<height>666</height>
	</include>
	<include name="Viewtype531_coords8_21:9">
		<left>750</left>
		<top>175</top>
		<width>1660</width>
		<height>666</height>
	</include>
	<include name="Viewtype531_coords8_21:9_masked">
		<left>750</left>
		<top>355</top>
		<width>1660</width>
		<height>666</height>
	</include>
	<include name="Viewtype531_coords8_4:3">
		<left>750</left>
		<top>175</top>
		<width>540</width>
		<height>666</height>
	</include>
	
	<include name="Viewtype531_coords9">
		<include condition="String.IsEqual(Skin.AspectRatio,16:9) + True">Viewtype531_coords9_16:9</include>
		<include condition="String.IsEqual(Skin.AspectRatio,21:9)">Viewtype531_coords9_21:9</include>
		<include condition="String.IsEqual(Skin.AspectRatio,16:9) + False">Viewtype531_coords9_21:9_masked</include>
		<include condition="String.IsEqual(Skin.AspectRatio,4:3)">Viewtype531_coords9_4:3</include>
	</include>
	<include name="Viewtype531_coords9_16:9">
		<itemlayout width="255" height="333">
			<!-- Image - Movies -->
			<include content="image-531">
				<param name="fallback">DefaultMovie.png</param>
				<param name="colordiffuse">$VAR[DiffusePosterNF]</param>
				<param name="visible">Container.Content(movies)</param>
			</include>
			<!-- Image - TV -->
			<include content="image-531">
				<param name="fallback">DefaultTVShows.png</param>
				<param name="colordiffuse">$VAR[DiffusePosterNF]</param>
				<param name="visible">!Container.Content(movies)</param>
			</include>
			<!-- Collection -->
			<control type="group">
				<left>37</left>
				<bottom>10</bottom>
				<width>63</width>
				<height>63</height>
				<visible>ListItem.IsCollection</visible>
				<control type="image">
					<texture background="true">views/OverlayCornerLeft.png</texture>
					<colordiffuse>$VAR[DiffusePosterNF]</colordiffuse>
				</control>
				<control type="image">
					<texture background="true">views/OverlayCollection.png</texture>
					<colordiffuse>$VAR[DiffusePosterNF]</colordiffuse>
				</control>
			</control>
			<!-- Watched status -->
			<control type="group">
				<right>36</right>
				<bottom>10</bottom>
				<width>63</width>
				<height>63</height>
				<visible>!ListItem.IsCollection</visible>
				<control type="image">
					<texture background="true">views/OverlayCornerRight.png</texture>
					<colordiffuse>$VAR[DiffusePosterNF]</colordiffuse>
					<visible>[ListItem.IsFolder + Integer.IsGreater(ListItem.Property(WatchedEpisodes),0) + Integer.IsGreater(ListItem.Property(UnWatchedEpisodes),0)] | String.IsEqual(ListItem.Overlay,OverlayWatched.png) | ListItem.IsResumable | !String.IsEmpty(ListItem.PlayCount)</visible>
					<visible>[String.IsEqual(ListItem.DBTYPE,music) | String.IsEqual(ListItem.DBTYPE,song) | String.IsEqual(ListItem.DBTYPE,album) | String.IsEqual(ListItem.DBTYPE,artist)] + !Skin.HasSetting(MusicListenedToStatus) | [String.IsEqual(ListItem.DBTYPE,video) | String.IsEqual(ListItem.DBTYPE,movie) | String.IsEqual(ListItem.DBTYPE,tvshow) | String.IsEqual(ListItem.DBTYPE,season) | String.IsEqual(ListItem.DBTYPE,episode) | String.IsEqual(ListItem.DBTYPE,musicvideo)] + !Skin.HasSetting(VideoWatchedStatus)</visible>
				</control>
				<control type="image">
					<texture background="true">$VAR[StatusOverlayWide]</texture>
					<colordiffuse>$VAR[DiffusePosterNF]</colordiffuse>
				</control>
			</control>
		</itemlayout>
	</include>
	<include name="Viewtype531_coords9_21:9">
		<itemlayout width="276" height="333">
			<!-- Image - Movies -->
			<include content="image-531">
				<param name="fallback">DefaultMovie.png</param>
				<param name="colordiffuse">$VAR[DiffusePosterNF]</param>
				<param name="visible">Container.Content(movies)</param>
			</include>
			<!-- Image - TV -->
			<include content="image-531">
				<param name="fallback">DefaultTVShows.png</param>
				<param name="colordiffuse">$VAR[DiffusePosterNF]</param>
				<param name="visible">!Container.Content(movies)</param>
			</include>
			<!-- Collection -->
			<control type="group">
				<left>47</left>
				<bottom>10</bottom>
				<width>63</width>
				<height>63</height>
				<visible>ListItem.IsCollection</visible>
				<control type="image">
					<texture background="true">views/OverlayCornerLeft.png</texture>
					<colordiffuse>$VAR[DiffusePosterNF]</colordiffuse>
				</control>
				<control type="image">
					<texture background="true">views/OverlayCollection.png</texture>
					<colordiffuse>$VAR[DiffusePosterNF]</colordiffuse>
				</control>
			</control>
			<!-- Watched status -->
			<control type="group">
				<right>47</right>
				<bottom>10</bottom>
				<width>63</width>
				<height>63</height>
				<visible>!ListItem.IsCollection</visible>
				<control type="image">
					<texture background="true">views/OverlayCornerRight.png</texture>
					<colordiffuse>$VAR[DiffusePosterNF]</colordiffuse>
					<visible>[ListItem.IsFolder + Integer.IsGreater(ListItem.Property(WatchedEpisodes),0) + Integer.IsGreater(ListItem.Property(UnWatchedEpisodes),0)] | String.IsEqual(ListItem.Overlay,OverlayWatched.png) | ListItem.IsResumable | !String.IsEmpty(ListItem.PlayCount)</visible>
					<visible>[String.IsEqual(ListItem.DBTYPE,music) | String.IsEqual(ListItem.DBTYPE,song) | String.IsEqual(ListItem.DBTYPE,album) | String.IsEqual(ListItem.DBTYPE,artist)] + !Skin.HasSetting(MusicListenedToStatus) | [String.IsEqual(ListItem.DBTYPE,video) | String.IsEqual(ListItem.DBTYPE,movie) | String.IsEqual(ListItem.DBTYPE,tvshow) | String.IsEqual(ListItem.DBTYPE,season) | String.IsEqual(ListItem.DBTYPE,episode) | String.IsEqual(ListItem.DBTYPE,musicvideo)] + !Skin.HasSetting(VideoWatchedStatus)</visible>
				</control>
				<control type="image">
					<texture background="true">$VAR[StatusOverlayWide]</texture>
					<colordiffuse>$VAR[DiffusePosterNF]</colordiffuse>
				</control>
			</control>
		</itemlayout>
	</include><include name="Viewtype531_coords9_21:9_masked">
		<itemlayout width="276" height="333">
			<!-- Image - Movies -->
			<include content="image-531">
				<param name="fallback">DefaultMovie.png</param>
				<param name="colordiffuse">$VAR[DiffusePosterNF]</param>
				<param name="visible">Container.Content(movies)</param>
			</include>
			<!-- Image - TV -->
			<include content="image-531">
				<param name="fallback">DefaultTVShows.png</param>
				<param name="colordiffuse">$VAR[DiffusePosterNF]</param>
				<param name="visible">!Container.Content(movies)</param>
			</include>
			<!-- Collection -->
			<control type="group">
				<left>47</left>
				<bottom>10</bottom>
				<width>63</width>
				<height>63</height>
				<visible>ListItem.IsCollection</visible>
				<control type="image">
					<texture background="true">views/OverlayCornerLeft.png</texture>
					<colordiffuse>$VAR[DiffusePosterNF]</colordiffuse>
				</control>
				<control type="image">
					<texture background="true">views/OverlayCollection.png</texture>
					<colordiffuse>$VAR[DiffusePosterNF]</colordiffuse>
				</control>
			</control>
			<!-- Watched status -->
			<control type="group">
				<right>47</right>
				<bottom>10</bottom>
				<width>63</width>
				<height>63</height>
				<visible>!ListItem.IsCollection</visible>
				<control type="image">
					<texture background="true">views/OverlayCornerRight.png</texture>
					<colordiffuse>$VAR[DiffusePosterNF]</colordiffuse>
					<visible>[ListItem.IsFolder + Integer.IsGreater(ListItem.Property(WatchedEpisodes),0) + Integer.IsGreater(ListItem.Property(UnWatchedEpisodes),0)] | String.IsEqual(ListItem.Overlay,OverlayWatched.png) | ListItem.IsResumable | !String.IsEmpty(ListItem.PlayCount)</visible>
					<visible>[String.IsEqual(ListItem.DBTYPE,music) | String.IsEqual(ListItem.DBTYPE,song) | String.IsEqual(ListItem.DBTYPE,album) | String.IsEqual(ListItem.DBTYPE,artist)] + !Skin.HasSetting(MusicListenedToStatus) | [String.IsEqual(ListItem.DBTYPE,video) | String.IsEqual(ListItem.DBTYPE,movie) | String.IsEqual(ListItem.DBTYPE,tvshow) | String.IsEqual(ListItem.DBTYPE,season) | String.IsEqual(ListItem.DBTYPE,episode) | String.IsEqual(ListItem.DBTYPE,musicvideo)] + !Skin.HasSetting(VideoWatchedStatus)</visible>
				</control>
				<control type="image">
					<texture background="true">$VAR[StatusOverlayWide]</texture>
					<colordiffuse>$VAR[DiffusePosterNF]</colordiffuse>
				</control>
			</control>
		</itemlayout>
	</include>
	<include name="Viewtype531_coords9_4:3">
		<itemlayout width="270" height="333">
			<!-- Image - Movies -->
			<include content="image-531">
				<param name="fallback">DefaultMovie.png</param>
				<param name="colordiffuse">$VAR[DiffusePosterNF]</param>
				<param name="visible">Container.Content(movies)</param>
			</include>
			<!-- Image - TV -->
			<include content="image-531">
				<param name="fallback">DefaultTVShows.png</param>
				<param name="colordiffuse">$VAR[DiffusePosterNF]</param>
				<param name="visible">!Container.Content(movies)</param>
			</include>
			<!-- Collection -->
			<control type="group">
				<left>45</left>
				<bottom>10</bottom>
				<width>63</width>
				<height>63</height>
				<visible>ListItem.IsCollection</visible>
				<control type="image">
					<texture background="true">views/OverlayCornerLeft.png</texture>
					<colordiffuse>$VAR[DiffusePosterNF]</colordiffuse>
				</control>
				<control type="image">
					<texture background="true">views/OverlayCollection.png</texture>
					<colordiffuse>$VAR[DiffusePosterNF]</colordiffuse>
				</control>
			</control>
			<!-- Watched status -->
			<control type="group">
				<right>43</right>
				<bottom>10</bottom>
				<width>63</width>
				<height>63</height>
				<visible>!ListItem.IsCollection</visible>
				<control type="image">
					<texture background="true">views/OverlayCornerRight.png</texture>
					<colordiffuse>$VAR[DiffusePosterNF]</colordiffuse>
					<visible>[ListItem.IsFolder + Integer.IsGreater(ListItem.Property(WatchedEpisodes),0) + Integer.IsGreater(ListItem.Property(UnWatchedEpisodes),0)] | String.IsEqual(ListItem.Overlay,OverlayWatched.png) | ListItem.IsResumable | !String.IsEmpty(ListItem.PlayCount)</visible>
					<visible>[String.IsEqual(ListItem.DBTYPE,music) | String.IsEqual(ListItem.DBTYPE,song) | String.IsEqual(ListItem.DBTYPE,album) | String.IsEqual(ListItem.DBTYPE,artist)] + !Skin.HasSetting(MusicListenedToStatus) | [String.IsEqual(ListItem.DBTYPE,video) | String.IsEqual(ListItem.DBTYPE,movie) | String.IsEqual(ListItem.DBTYPE,tvshow) | String.IsEqual(ListItem.DBTYPE,season) | String.IsEqual(ListItem.DBTYPE,episode) | String.IsEqual(ListItem.DBTYPE,musicvideo)] + !Skin.HasSetting(VideoWatchedStatus)</visible>
				</control>
				<control type="image">
					<texture background="true">$VAR[StatusOverlayWide]</texture>
					<colordiffuse>$VAR[DiffusePosterNF]</colordiffuse>
				</control>
			</control>
		</itemlayout>
	</include>
	
	<include name="Viewtype531_coords10">
		<include condition="String.IsEqual(Skin.AspectRatio,16:9) + True">Viewtype531_coords10_16:9</include>
		<include condition="String.IsEqual(Skin.AspectRatio,21:9)">Viewtype531_coords10_21:9</include>
		<include condition="String.IsEqual(Skin.AspectRatio,16:9) + False">Viewtype531_coords10_21:9_masked</include>
		<include condition="String.IsEqual(Skin.AspectRatio,4:3)">Viewtype531_coords10_4:3</include>
	</include>
	<include name="Viewtype531_coords10_16:9">
		<focusedlayout width="255" height="333">
			<control type="group">
				<animation effect="zoom" start="88" end="100" center="auto" time="300" tween="back" easing="out" reversible="false">Focus</animation>
				<!-- Image - Movies -->
				<include content="image-531-focused">
					<param name="fallback">DefaultMovie.png</param>
					<param name="visible">Container.Content(movies)</param>
				</include>
				<!-- Image - TV -->
				<include content="image-531-focused">
					<param name="fallback">DefaultTVShows.png</param>
					<param name="visible">!Container.Content(movies)</param>
				</include>
				<!-- Collection -->
				<control type="group">
					<left>22</left>
					<bottom>0</bottom>
					<width>72</width>
					<height>72</height>
					<visible>ListItem.IsCollection</visible>
					<control type="image">
						<texture background="true">views/OverlayCornerLeft.png</texture>
					</control>
					<control type="image">
						<texture background="true">views/OverlayCollection.png</texture>
					</control>
				</control>
				<!-- Watched status -->
				<control type="group">
					<right>21</right>
					<bottom>0</bottom>
					<width>72</width>
					<height>72</height>
					<visible>!ListItem.IsCollection</visible>
					<control type="image">
						<texture background="true">views/OverlayCornerRight.png</texture>
						<visible>[ListItem.IsFolder + Integer.IsGreater(ListItem.Property(WatchedEpisodes),0) + Integer.IsGreater(ListItem.Property(UnWatchedEpisodes),0)] | String.IsEqual(ListItem.Overlay,OverlayWatched.png) | ListItem.IsResumable | !String.IsEmpty(ListItem.PlayCount)</visible>
						<visible>[String.IsEqual(ListItem.DBTYPE,music) | String.IsEqual(ListItem.DBTYPE,song) | String.IsEqual(ListItem.DBTYPE,album) | String.IsEqual(ListItem.DBTYPE,artist)] + !Skin.HasSetting(MusicListenedToStatus) | [String.IsEqual(ListItem.DBTYPE,video) | String.IsEqual(ListItem.DBTYPE,movie) | String.IsEqual(ListItem.DBTYPE,tvshow) | String.IsEqual(ListItem.DBTYPE,season) | String.IsEqual(ListItem.DBTYPE,episode) | String.IsEqual(ListItem.DBTYPE,musicvideo)] + !Skin.HasSetting(VideoWatchedStatus)</visible>
					</control>
					<control type="image">
						<texture background="true">$VAR[StatusOverlayWide]</texture>
					</control>
				</control>
			</control>
		</focusedlayout>
	</include>
	<include name="Viewtype531_coords10_21:9">
		<focusedlayout width="276" height="333">
			<control type="group">
				<animation effect="zoom" start="88" end="100" center="auto" time="300" tween="back" easing="out" reversible="false">Focus</animation>
				<!-- Image - Movies -->
				<include content="image-531-focused">
					<param name="fallback">DefaultMovie.png</param>
					<param name="visible">Container.Content(movies)</param>
				</include>
				<!-- Image - TV -->
				<include content="image-531-focused">
					<param name="fallback">DefaultTVShows.png</param>
					<param name="visible">!Container.Content(movies)</param>
				</include>
				<!-- Collection -->
				<control type="group">
					<left>32</left>
					<bottom>0</bottom>
					<width>72</width>
					<height>72</height>
					<visible>ListItem.IsCollection</visible>
					<control type="image">
						<texture background="true">views/OverlayCornerLeft.png</texture>
					</control>
					<control type="image">
						<texture background="true">views/OverlayCollection.png</texture>
					</control>
				</control>
				<!-- Watched status -->
				<control type="group">
					<right>32</right>
					<bottom>0</bottom>
					<width>72</width>
					<height>72</height>
					<visible>!ListItem.IsCollection</visible>
					<control type="image">
						<texture background="true">views/OverlayCornerRight.png</texture>
						<visible>[ListItem.IsFolder + Integer.IsGreater(ListItem.Property(WatchedEpisodes),0) + Integer.IsGreater(ListItem.Property(UnWatchedEpisodes),0)] | String.IsEqual(ListItem.Overlay,OverlayWatched.png) | ListItem.IsResumable | !String.IsEmpty(ListItem.PlayCount)</visible>
						<visible>[String.IsEqual(ListItem.DBTYPE,music) | String.IsEqual(ListItem.DBTYPE,song) | String.IsEqual(ListItem.DBTYPE,album) | String.IsEqual(ListItem.DBTYPE,artist)] + !Skin.HasSetting(MusicListenedToStatus) | [String.IsEqual(ListItem.DBTYPE,video) | String.IsEqual(ListItem.DBTYPE,movie) | String.IsEqual(ListItem.DBTYPE,tvshow) | String.IsEqual(ListItem.DBTYPE,season) | String.IsEqual(ListItem.DBTYPE,episode) | String.IsEqual(ListItem.DBTYPE,musicvideo)] + !Skin.HasSetting(VideoWatchedStatus)</visible>
					</control>
					<control type="image">
						<texture background="true">$VAR[StatusOverlayWide]</texture>
					</control>
				</control>
			</control>
		</focusedlayout>
	</include>
	<include name="Viewtype531_coords10_21:9_masked">
		<focusedlayout width="276" height="333">
			<control type="group">
				<animation effect="zoom" start="88" end="100" center="auto" time="300" tween="back" easing="out" reversible="false">Focus</animation>
				<!-- Image - Movies -->
				<include content="image-531-focused">
					<param name="fallback">DefaultMovie.png</param>
					<param name="visible">Container.Content(movies)</param>
				</include>
				<!-- Image - TV -->
				<include content="image-531-focused">
					<param name="fallback">DefaultTVShows.png</param>
					<param name="visible">!Container.Content(movies)</param>
				</include>
				<!-- Collection -->
				<control type="group">
					<left>32</left>
					<bottom>0</bottom>
					<width>72</width>
					<height>72</height>
					<visible>ListItem.IsCollection</visible>
					<control type="image">
						<texture background="true">views/OverlayCornerLeft.png</texture>
					</control>
					<control type="image">
						<texture background="true">views/OverlayCollection.png</texture>
					</control>
				</control>
				<!-- Watched status -->
				<control type="group">
					<right>32</right>
					<bottom>0</bottom>
					<width>72</width>
					<height>72</height>
					<visible>!ListItem.IsCollection</visible>
					<control type="image">
						<texture background="true">views/OverlayCornerRight.png</texture>
						<visible>[ListItem.IsFolder + Integer.IsGreater(ListItem.Property(WatchedEpisodes),0) + Integer.IsGreater(ListItem.Property(UnWatchedEpisodes),0)] | String.IsEqual(ListItem.Overlay,OverlayWatched.png) | ListItem.IsResumable | !String.IsEmpty(ListItem.PlayCount)</visible>
						<visible>[String.IsEqual(ListItem.DBTYPE,music) | String.IsEqual(ListItem.DBTYPE,song) | String.IsEqual(ListItem.DBTYPE,album) | String.IsEqual(ListItem.DBTYPE,artist)] + !Skin.HasSetting(MusicListenedToStatus) | [String.IsEqual(ListItem.DBTYPE,video) | String.IsEqual(ListItem.DBTYPE,movie) | String.IsEqual(ListItem.DBTYPE,tvshow) | String.IsEqual(ListItem.DBTYPE,season) | String.IsEqual(ListItem.DBTYPE,episode) | String.IsEqual(ListItem.DBTYPE,musicvideo)] + !Skin.HasSetting(VideoWatchedStatus)</visible>
					</control>
					<control type="image">
						<texture background="true">$VAR[StatusOverlayWide]</texture>
					</control>
				</control>
			</control>
		</focusedlayout>
	</include>
	<include name="Viewtype531_coords10_4:3">
		<focusedlayout width="270" height="333">
			<control type="group">
				<animation effect="zoom" start="88" end="100" center="auto" time="300" tween="back" easing="out" reversible="false">Focus</animation>
				<!-- Image - Movies -->
				<include content="image-531-focused">
					<param name="fallback">DefaultMovie.png</param>
					<param name="visible">Container.Content(movies)</param>
				</include>
				<!-- Image - TV -->
				<include content="image-531-focused">
					<param name="fallback">DefaultTVShows.png</param>
					<param name="visible">!Container.Content(movies)</param>
				</include>
				<!-- Collection -->
				<control type="group">
					<left>30</left>
					<bottom>0</bottom>
					<width>72</width>
					<height>72</height>
					<visible>ListItem.IsCollection</visible>
					<control type="image">
						<texture background="true">views/OverlayCornerLeft.png</texture>
					</control>
					<control type="image">
						<texture background="true">views/OverlayCollection.png</texture>
					</control>
				</control>
				<!-- Watched status -->
				<control type="group">
					<right>28</right>
					<bottom>0</bottom>
					<width>72</width>
					<height>72</height>
					<visible>!ListItem.IsCollection</visible>
					<control type="image">
						<texture background="true">views/OverlayCornerRight.png</texture>
						<visible>[ListItem.IsFolder + Integer.IsGreater(ListItem.Property(WatchedEpisodes),0) + Integer.IsGreater(ListItem.Property(UnWatchedEpisodes),0)] | String.IsEqual(ListItem.Overlay,OverlayWatched.png) | ListItem.IsResumable | !String.IsEmpty(ListItem.PlayCount)</visible>
						<visible>[String.IsEqual(ListItem.DBTYPE,music) | String.IsEqual(ListItem.DBTYPE,song) | String.IsEqual(ListItem.DBTYPE,album) | String.IsEqual(ListItem.DBTYPE,artist)] + !Skin.HasSetting(MusicListenedToStatus) | [String.IsEqual(ListItem.DBTYPE,video) | String.IsEqual(ListItem.DBTYPE,movie) | String.IsEqual(ListItem.DBTYPE,tvshow) | String.IsEqual(ListItem.DBTYPE,season) | String.IsEqual(ListItem.DBTYPE,episode) | String.IsEqual(ListItem.DBTYPE,musicvideo)] + !Skin.HasSetting(VideoWatchedStatus)</visible>
					</control>
					<control type="image">
						<texture background="true">$VAR[StatusOverlayWide]</texture>
					</control>
				</control>
			</control>
		</focusedlayout>
	</include>
	
	<include name="Viewtype531_coords11">
		<include condition="String.IsEqual(Skin.AspectRatio,16:9) + True">Viewtype531_coords11_16:9</include>
		<include condition="String.IsEqual(Skin.AspectRatio,21:9)">Viewtype531_coords11_21:9</include>
		<include condition="String.IsEqual(Skin.AspectRatio,16:9) + False">Viewtype531_coords11_21:9_masked</include>
		<include condition="String.IsEqual(Skin.AspectRatio,4:3)">Viewtype531_coords11_4:3</include>
	</include>
	<include name="Viewtype531_coords11_16:9">
		<bottom>10</bottom>
		<left>37</left>
		<width>182</width>
		<height>288</height>
	</include>
	<include name="Viewtype531_coords11_21:9">
		<bottom>10</bottom>
		<left>47</left>
		<width>182</width>
		<height>288</height>
	</include>
	<include name="Viewtype531_coords11_21:9_masked">
		<bottom>10</bottom>
		<left>47</left>
		<width>182</width>
		<height>288</height>
	</include>
	<include name="Viewtype531_coords11_4:3">
		<bottom>10</bottom>
		<left>43</left>
		<width>182</width>
		<height>288</height>
	</include>
	
	<include name="Viewtype531_coords12">
		<include condition="String.IsEqual(Skin.AspectRatio,16:9) + True">Viewtype531_coords12_16:9</include>
		<include condition="String.IsEqual(Skin.AspectRatio,21:9)">Viewtype531_coords12_21:9</include>
		<include condition="String.IsEqual(Skin.AspectRatio,16:9) + False">Viewtype531_coords12_21:9_masked</include>
		<include condition="String.IsEqual(Skin.AspectRatio,4:3)">Viewtype531_coords12_4:3</include>
	</include>
	<include name="Viewtype531_coords12_16:9">
		<bottom>0</bottom>
		<left>22</left>
		<width>212</width>
		<height>333</height>
	</include>
	<include name="Viewtype531_coords12_21:9">
		<bottom>0</bottom>
		<left>32</left>
		<width>212</width>
		<height>333</height>
	</include>
	<include name="Viewtype531_coords12_21:9_masked">
		<bottom>0</bottom>
		<left>32</left>
		<width>212</width>
		<height>333</height>
	</include>
	<include name="Viewtype531_coords12_4:3">
		<bottom>0</bottom>
		<left>30</left>
		<width>212</width>
		<height>333</height>
	</include>

</includes>