<?xml version="1.0" encoding="UTF-8"?>
<includes>

	<include name="script-skinshortcuts_coords1">
		<include condition="String.IsEqual(Skin.AspectRatio,16:9) + True">script-skinshortcuts_coords1_16:9</include>
		<include condition="String.IsEqual(Skin.AspectRatio,21:9)">script-skinshortcuts_coords1_21:9</include>
		<include condition="String.IsEqual(Skin.AspectRatio,16:9) + False">script-skinshortcuts_coords1_21:9_masked</include>
		<include condition="String.IsEqual(Skin.AspectRatio,4:3)">script-skinshortcuts_coords1_4:3</include>
	</include>
	<include name="script-skinshortcuts_coords1_16:9">
		<left>150</left>
		<centertop>50%</centertop>
		<width>350</width>
		<height>660</height>
	</include>
	<include name="script-skinshortcuts_coords1_21:9">
		<left>150</left>
		<centertop>50%</centertop>
		<width>350</width>
		<height>660</height>
	</include>
	<include name="script-skinshortcuts_coords1_21:9_masked">
		<left>150</left>
		<centertop>50%</centertop>
		<width>350</width>
		<height>660</height>
	</include>
	<include name="script-skinshortcuts_coords1_4:3">
		<left>150</left>
		<centertop>50%</centertop>
		<width>350</width>
		<height>660</height>
	</include>
	
	<include name="script-skinshortcuts_coords2">
		<include condition="String.IsEqual(Skin.AspectRatio,16:9) + True">script-skinshortcuts_coords2_16:9</include>
		<include condition="String.IsEqual(Skin.AspectRatio,21:9)">script-skinshortcuts_coords2_21:9</include>
		<include condition="String.IsEqual(Skin.AspectRatio,16:9) + False">script-skinshortcuts_coords2_21:9_masked</include>
		<include condition="String.IsEqual(Skin.AspectRatio,4:3)">script-skinshortcuts_coords2_4:3</include>
	</include>
	<include name="script-skinshortcuts_coords2_16:9">
		<itemlayout width="350" height="66">
			<control type="label">
				<width>230</width>
				<height>66</height>
				<textcolor>$VAR[TextColor2]</textcolor>
				<label>$VAR[skinshortcuts-disableindicator]</label>
			</control>
		</itemlayout>
	</include>
	<include name="script-skinshortcuts_coords2_21:9">
		<itemlayout width="350" height="66">
			<control type="label">
				<width>350</width>
				<height>66</height>
				<textcolor>$VAR[TextColor2]</textcolor>
				<label>$VAR[skinshortcuts-disableindicator]</label>
			</control>
		</itemlayout>
	</include>
	<include name="script-skinshortcuts_coords2_21:9_masked">
		<itemlayout width="350" height="66">
			<control type="label">
				<width>350</width>
				<height>66</height>
				<textcolor>$VAR[TextColor2]</textcolor>
				<label>$VAR[skinshortcuts-disableindicator]</label>
			</control>
		</itemlayout>
	</include>
	<include name="script-skinshortcuts_coords2_4:3">
		<itemlayout width="350" height="66">
			<control type="label">
				<width>350</width>
				<height>66</height>
				<textcolor>$VAR[TextColor2]</textcolor>
				<label>$VAR[skinshortcuts-disableindicator]</label>
			</control>
		</itemlayout>
	</include>
	
	<include name="script-skinshortcuts_coords3">
		<include condition="String.IsEqual(Skin.AspectRatio,16:9) + True">script-skinshortcuts_coords3_16:9</include>
		<include condition="String.IsEqual(Skin.AspectRatio,21:9)">script-skinshortcuts_coords3_21:9</include>
		<include condition="String.IsEqual(Skin.AspectRatio,16:9) + False">script-skinshortcuts_coords3_21:9_masked</include>
		<include condition="String.IsEqual(Skin.AspectRatio,4:3)">script-skinshortcuts_coords3_4:3</include>
	</include>
	<include name="script-skinshortcuts_coords3_16:9">
		<focusedlayout width="350" height="66">
			<control type="label">
				<width>275</width>
				<height>66</height>
				<scroll>True</scroll>
				<textcolor>$VAR[TextColor1]</textcolor>
				<label>$VAR[skinshortcuts-disableindicator]</label>
			</control>
			<control type="image">
				<width>350</width>
				<height>66</height>
				<texture colordiffuse="$VAR[TextColor1]">$VAR[focus66]</texture>
				<visible>String.IsEqual(ListItem.Property(skinshortcuts-disabled),False)</visible>
			</control>
			<control type="image">
				<width>350</width>
				<height>66</height>
				<texture colordiffuse="darkred">$VAR[focus66]</texture>
				<visible>String.IsEqual(ListItem.Property(skinshortcuts-disabled),True)</visible>
			</control>
			<control type="image">
				<left>280</left>
				<width>35</width>
				<height>66</height>
				<texture colordiffuse="$VAR[DialogColor1]">common/ArrowDownNF.png</texture>
				<visible>!Control.HasFocus(304)</visible>
			</control>
			<control type="image">
				<left>315</left>
				<width>35</width>
				<height>66</height>
				<texture colordiffuse="$VAR[DialogColor1]">common/ArrowUpNF.png</texture>
				<visible>!Control.HasFocus(303)</visible>
			</control>
			<control type="image">
				<left>280</left>
				<width>35</width>
				<height>66</height>
				<texture colordiffuse="$VAR[DialogColor1]">common/ArrowDownFO.png</texture>
				<visible>Control.HasFocus(304)</visible>
			</control>
			<control type="image">
				<left>315</left>
				<width>35</width>
				<height>66</height>
				<texture colordiffuse="$VAR[DialogColor1]">common/ArrowUpFO.png</texture>
				<visible>Control.HasFocus(303)</visible>
			</control>
		</focusedlayout>
	</include>
	<include name="script-skinshortcuts_coords3_21:9">
		<focusedlayout width="350" height="66">
			<control type="label">
				<width>275</width>
				<height>66</height>
				<scroll>True</scroll>
				<textcolor>$VAR[TextColor1]</textcolor>
				<label>$VAR[skinshortcuts-disableindicator]</label>
			</control>
			<control type="image">
				<width>350</width>
				<height>66</height>
				<texture colordiffuse="$VAR[TextColor1]">$VAR[focus66]</texture>
				<visible>String.IsEqual(ListItem.Property(skinshortcuts-disabled),False)</visible>
			</control>
			<control type="image">
				<width>350</width>
				<height>66</height>
				<texture colordiffuse="darkred">$VAR[focus66]</texture>
				<visible>String.IsEqual(ListItem.Property(skinshortcuts-disabled),True)</visible>
			</control>
			<control type="image">
				<left>280</left>
				<width>35</width>
				<height>66</height>
				<texture colordiffuse="$VAR[DialogColor1]">common/ArrowDownNF.png</texture>
				<visible>!Control.HasFocus(304)</visible>
			</control>
			<control type="image">
				<left>315</left>
				<width>35</width>
				<height>66</height>
				<texture colordiffuse="$VAR[DialogColor1]">common/ArrowUpNF.png</texture>
				<visible>!Control.HasFocus(303)</visible>
			</control>
			<control type="image">
				<left>280</left>
				<width>35</width>
				<height>66</height>
				<texture colordiffuse="$VAR[DialogColor1]">common/ArrowDownFO.png</texture>
				<visible>Control.HasFocus(304)</visible>
			</control>
			<control type="image">
				<left>315</left>
				<width>35</width>
				<height>66</height>
				<texture colordiffuse="$VAR[DialogColor1]">common/ArrowUpFO.png</texture>
				<visible>Control.HasFocus(303)</visible>
			</control>
		</focusedlayout>
	</include>
	<include name="script-skinshortcuts_coords3_21:9_masked">
		<focusedlayout width="350" height="66">
			<control type="label">
				<width>275</width>
				<height>66</height>
				<scroll>True</scroll>
				<textcolor>$VAR[TextColor1]</textcolor>
				<label>$VAR[skinshortcuts-disableindicator]</label>
			</control>
			<control type="image">
				<width>350</width>
				<height>66</height>
				<texture colordiffuse="$VAR[TextColor1]">$VAR[focus66]</texture>
				<visible>String.IsEqual(ListItem.Property(skinshortcuts-disabled),False)</visible>
			</control>
			<control type="image">
				<width>350</width>
				<height>66</height>
				<texture colordiffuse="darkred">$VAR[focus66]</texture>
				<visible>String.IsEqual(ListItem.Property(skinshortcuts-disabled),True)</visible>
			</control>
			<control type="image">
				<left>280</left>
				<width>35</width>
				<height>66</height>
				<texture colordiffuse="$VAR[DialogColor1]">common/ArrowDownNF.png</texture>
				<visible>!Control.HasFocus(304)</visible>
			</control>
			<control type="image">
				<left>315</left>
				<width>35</width>
				<height>66</height>
				<texture colordiffuse="$VAR[DialogColor1]">common/ArrowUpNF.png</texture>
				<visible>!Control.HasFocus(303)</visible>
			</control>
			<control type="image">
				<left>280</left>
				<width>35</width>
				<height>66</height>
				<texture colordiffuse="$VAR[DialogColor1]">common/ArrowDownFO.png</texture>
				<visible>Control.HasFocus(304)</visible>
			</control>
			<control type="image">
				<left>315</left>
				<width>35</width>
				<height>66</height>
				<texture colordiffuse="$VAR[DialogColor1]">common/ArrowUpFO.png</texture>
				<visible>Control.HasFocus(303)</visible>
			</control>
		</focusedlayout>
	</include>
	<include name="script-skinshortcuts_coords3_4:3">
		<focusedlayout width="350" height="66">
			<control type="label">
				<width>275</width>
				<height>66</height>
				<scroll>True</scroll>
				<textcolor>$VAR[TextColor1]</textcolor>
				<label>$VAR[skinshortcuts-disableindicator]</label>
			</control>
			<control type="image">
				<width>350</width>
				<height>66</height>
				<texture colordiffuse="$VAR[TextColor1]">$VAR[focus66]</texture>
				<visible>String.IsEqual(ListItem.Property(skinshortcuts-disabled),False)</visible>
			</control>
			<control type="image">
				<width>350</width>
				<height>66</height>
				<texture colordiffuse="darkred">$VAR[focus66]</texture>
				<visible>String.IsEqual(ListItem.Property(skinshortcuts-disabled),True)</visible>
			</control>
			<control type="image">
				<left>280</left>
				<width>35</width>
				<height>66</height>
				<texture colordiffuse="$VAR[DialogColor1]">common/ArrowDownNF.png</texture>
				<visible>!Control.HasFocus(304)</visible>
			</control>
			<control type="image">
				<left>315</left>
				<width>35</width>
				<height>66</height>
				<texture colordiffuse="$VAR[DialogColor1]">common/ArrowUpNF.png</texture>
				<visible>!Control.HasFocus(303)</visible>
			</control>
			<control type="image">
				<left>280</left>
				<width>35</width>
				<height>66</height>
				<texture colordiffuse="$VAR[DialogColor1]">common/ArrowDownFO.png</texture>
				<visible>Control.HasFocus(304)</visible>
			</control>
			<control type="image">
				<left>315</left>
				<width>35</width>
				<height>66</height>
				<texture colordiffuse="$VAR[DialogColor1]">common/ArrowUpFO.png</texture>
				<visible>Control.HasFocus(303)</visible>
			</control>
		</focusedlayout>
	</include>
	
	<include name="script-skinshortcuts_coords4">
		<include condition="String.IsEqual(Skin.AspectRatio,16:9) + True">script-skinshortcuts_coords4_16:9</include>
		<include condition="String.IsEqual(Skin.AspectRatio,21:9)">script-skinshortcuts_coords4_21:9</include>
		<include condition="String.IsEqual(Skin.AspectRatio,16:9) + False">script-skinshortcuts_coords4_21:9_masked</include>
		<include condition="String.IsEqual(Skin.AspectRatio,4:3)">script-skinshortcuts_coords4_4:3</include>
	</include>
	<include name="script-skinshortcuts_coords4_16:9">
		<left>120</left>
		<centertop>50%</centertop>
		<width>20</width>
		<height>660</height>
	</include>
	<include name="script-skinshortcuts_coords4_21:9">
		<left>120</left>
		<centertop>50%</centertop>
		<width>20</width>
		<height>660</height>
	</include>
	<include name="script-skinshortcuts_coords4_21:9_masked">
		<left>120</left>
		<centertop>50%</centertop>
		<width>20</width>
		<height>660</height>
	</include>
	<include name="script-skinshortcuts_coords4_4:3">
		<left>120</left>
		<centertop>50%</centertop>
		<width>20</width>
		<height>660</height>
	</include>
	
	<include name="script-skinshortcuts_coords5">
		<include condition="String.IsEqual(Skin.AspectRatio,16:9) + True">script-skinshortcuts_coords5_16:9</include>
		<include condition="String.IsEqual(Skin.AspectRatio,21:9)">script-skinshortcuts_coords5_21:9</include>
		<include condition="String.IsEqual(Skin.AspectRatio,16:9) + False">script-skinshortcuts_coords5_21:9_masked</include>
		<include condition="String.IsEqual(Skin.AspectRatio,4:3)">script-skinshortcuts_coords5_4:3</include>
	</include>
	<include name="script-skinshortcuts_coords5_16:9">
		<left>550</left>
		<centertop>50%</centertop>
		<width>1220</width>
		<height>660</height>
	</include>
	<include name="script-skinshortcuts_coords5_21:9">
		<left>550</left>
		<centertop>50%</centertop>
		<width>1860</width>
		<height>660</height>
	</include>
	<include name="script-skinshortcuts_coords5_21:9_masked">
		<left>550</left>
		<centertop>50%</centertop>
		<width>1860</width>
		<height>660</height>
	</include>
	<include name="script-skinshortcuts_coords5_4:3">
		<left>550</left>
		<centertop>50%</centertop>
		<width>740</width>
		<height>660</height>
	</include>
	
	<include name="script-skinshortcuts_coords6">
		<include condition="String.IsEqual(Skin.AspectRatio,16:9) + True">script-skinshortcuts_coords6_16:9</include>
		<include condition="String.IsEqual(Skin.AspectRatio,21:9)">script-skinshortcuts_coords6_21:9</include>
		<include condition="String.IsEqual(Skin.AspectRatio,16:9) + False">script-skinshortcuts_coords6_21:9_masked</include>
		<include condition="String.IsEqual(Skin.AspectRatio,4:3)">script-skinshortcuts_coords6_4:3</include>
	</include>
	<include name="script-skinshortcuts_coords6_16:9">
		<width>1220</width>
		<height>60</height>
	</include>
	<include name="script-skinshortcuts_coords6_21:9">
		<width>1860</width>
		<height>60</height>
	</include>
	<include name="script-skinshortcuts_coords6_21:9_masked">
		<width>1860</width>
		<height>60</height>
	</include>
	<include name="script-skinshortcuts_coords6_4:3">
		<width>740</width>
		<height>60</height>
	</include>
	
	<include name="script-skinshortcuts_coords7">
		<include condition="String.IsEqual(Skin.AspectRatio,16:9) + True">script-skinshortcuts_coords7_16:9</include>
		<include condition="String.IsEqual(Skin.AspectRatio,21:9)">script-skinshortcuts_coords7_21:9</include>
		<include condition="String.IsEqual(Skin.AspectRatio,16:9) + False">script-skinshortcuts_coords7_21:9_masked</include>
		<include condition="String.IsEqual(Skin.AspectRatio,4:3)">script-skinshortcuts_coords7_4:3</include>
	</include>
	<include name="script-skinshortcuts_coords7_16:9">
		<width>1220</width>
		<height>40</height>
	</include>
	<include name="script-skinshortcuts_coords7_21:9">
		<width>1860</width>
		<height>40</height>
	</include>
	<include name="script-skinshortcuts_coords7_21:9_masked">
		<width>1860</width>
		<height>40</height>
	</include>
	<include name="script-skinshortcuts_coords7_4:3">
		<width>740</width>
		<height>40</height>
	</include>

	<include name="script-skinshortcuts_coords8">
		<include condition="String.IsEqual(Skin.AspectRatio,16:9) + True">script-skinshortcuts_coords8_16:9</include>
		<include condition="String.IsEqual(Skin.AspectRatio,21:9)">script-skinshortcuts_coords8_21:9</include>
		<include condition="String.IsEqual(Skin.AspectRatio,16:9) + False">script-skinshortcuts_coords8_21:9_masked</include>
		<include condition="String.IsEqual(Skin.AspectRatio,4:3)">script-skinshortcuts_coords8_4:3</include>
	</include>
	<include name="script-skinshortcuts_coords8_16:9">
		<right>150</right>
		<left>550</left>
		<bottom>226</bottom>
		<top>745</top>
	</include>
	<include name="script-skinshortcuts_coords8_21:9">
		<right>150</right>
		<left>550</left>
		<bottom>226</bottom>
		<top>745</top>
	</include>
	<include name="script-skinshortcuts_coords8_21:9_masked">
		<right>150</right>
		<left>550</left>
		<bottom>406</bottom>
		<top>925</top>
	</include>
	<include name="script-skinshortcuts_coords8_4:3">
		<right>150</right>
		<left>550</left>
		<bottom>226</bottom>
		<top>745</top>
	</include>

</includes>