<?xml version="1.0" encoding="UTF-8"?>
<includes>

	<include name="MyPVRRecordings_coords1">
		<include condition="String.IsEqual(Skin.AspectRatio,16:9) + True">MyPVRRecordings_coords1_16:9</include>
		<include condition="String.IsEqual(Skin.AspectRatio,21:9)">MyPVRRecordings_coords1_21:9</include>
		<include condition="String.IsEqual(Skin.AspectRatio,16:9) + False">MyPVRRecordings_coords1_21:9_masked</include>
		<include condition="String.IsEqual(Skin.AspectRatio,4:3)">MyPVRRecordings_coords1_4:3</include>
	</include>
	<include name="MyPVRRecordings_coords1_16:9">
		<left>120</left>
		<top>225</top>
		<width>405</width>
		<height>600</height>
	</include>
	<include name="MyPVRRecordings_coords1_21:9">
		<left>120</left>
		<top>225</top>
		<width>405</width>
		<height>600</height>
	</include>
	<include name="MyPVRRecordings_coords1_21:9_masked">
		<left>120</left>
		<top>405</top>
		<width>405</width>
		<height>600</height>
	</include>
	<include name="MyPVRRecordings_coords1_4:3">
		<left>120</left>
		<top>225</top>
		<width>405</width>
		<height>600</height>
	</include>
	
	<include name="MyPVRRecordings_coords2">
		<include condition="String.IsEqual(Skin.AspectRatio,16:9) + True">MyPVRRecordings_coords2_16:9</include>
		<include condition="String.IsEqual(Skin.AspectRatio,21:9)">MyPVRRecordings_coords2_21:9</include>
		<include condition="String.IsEqual(Skin.AspectRatio,16:9) + False">MyPVRRecordings_coords2_21:9_masked</include>
		<include condition="String.IsEqual(Skin.AspectRatio,4:3)">MyPVRRecordings_coords2_4:3</include>
	</include>
	<include name="MyPVRRecordings_coords2_16:9">
		<left>120</left>
		<top>190</top>
	</include>
	<include name="MyPVRRecordings_coords2_21:9">
		<left>120</left>
		<top>190</top>
	</include>
	<include name="MyPVRRecordings_coords2_21:9_masked">
		<left>120</left>
		<top>370</top>
	</include>
	<include name="MyPVRRecordings_coords2_4:3">
		<left>120</left>
		<top>190</top>
	</include>
	
	<include name="MyPVRRecordings_coords3">
		<include condition="String.IsEqual(Skin.AspectRatio,16:9) + True">MyPVRRecordings_coords3_16:9</include>
		<include condition="String.IsEqual(Skin.AspectRatio,21:9)">MyPVRRecordings_coords3_21:9</include>
		<include condition="String.IsEqual(Skin.AspectRatio,16:9) + False">MyPVRRecordings_coords3_21:9_masked</include>
		<include condition="String.IsEqual(Skin.AspectRatio,4:3)">MyPVRRecordings_coords3_4:3</include>
	</include>
	<include name="MyPVRRecordings_coords3_16:9">
		<left>0</left>
		<top>0</top>
		<width>452</width>
		<height>286</height>
	</include>
	<include name="MyPVRRecordings_coords3_21:9">
		<left>0</left>
		<top>0</top>
		<width>452</width>
		<height>286</height>
	</include>
	<include name="MyPVRRecordings_coords3_4:3">
		<left>0</left>
		<top>0</top>
		<width>452</width>
		<height>286</height>
	</include>
	
	<include name="MyPVRRecordings_coords4">
		<include condition="String.IsEqual(Skin.AspectRatio,16:9) + True">MyPVRRecordings_coords4_16:9</include>
		<include condition="String.IsEqual(Skin.AspectRatio,21:9)">MyPVRRecordings_coords4_21:9</include>
		<include condition="String.IsEqual(Skin.AspectRatio,16:9) + False">MyPVRRecordings_coords4_21:9_masked</include>
		<include condition="String.IsEqual(Skin.AspectRatio,4:3)">MyPVRRecordings_coords4_4:3</include>
	</include>
	<include name="MyPVRRecordings_coords4_16:9">
		<left>0</left>
		<top>314</top>
		<width>450</width>
		<height>400</height>
	</include>
	<include name="MyPVRRecordings_coords4_21:9">
		<left>0</left>
		<top>314</top>
		<width>450</width>
		<height>400</height>
	</include>
	<include name="MyPVRRecordings_coords4_21:9_masked">
		<left>0</left>
		<top>314</top>
		<width>450</width>
		<height>400</height>
	</include>
	<include name="MyPVRRecordings_coords4_4:3">
		<left>0</left>
		<top>314</top>
		<width>450</width>
		<height>400</height>
	</include>
	
	<include name="MyPVRRecordings_coords5">
		<include condition="String.IsEqual(Skin.AspectRatio,16:9) + True">MyPVRRecordings_coords5_16:9</include>
		<include condition="String.IsEqual(Skin.AspectRatio,21:9)">MyPVRRecordings_coords5_21:9</include>
		<include condition="String.IsEqual(Skin.AspectRatio,16:9) + False">MyPVRRecordings_coords5_21:9_masked</include>
		<include condition="String.IsEqual(Skin.AspectRatio,4:3)">MyPVRRecordings_coords5_4:3</include>
	</include>
	<include name="MyPVRRecordings_coords5_16:9">
		<left>750</left>
		<centertop>50%</centertop>
		<width>1050</width>
		<height>720</height>
	</include>
	<include name="MyPVRRecordings_coords5_21:9">
		<left>750</left>
		<centertop>50%</centertop>
		<width>1690</width>
		<height>720</height>
	</include>
	<include name="MyPVRRecordings_coords5_21:9_masked">
		<left>750</left>
		<centertop>50%</centertop>
		<width>1690</width>
		<height>720</height>
	</include>
	<include name="MyPVRRecordings_coords5_4:3">
		<left>750</left>
		<centertop>50%</centertop>
		<width>1050</width>
		<height>720</height>
	</include>
	
	<include name="MyPVRRecordings_coords6">
		<include condition="String.IsEqual(Skin.AspectRatio,16:9) + True">MyPVRRecordings_coords6_16:9</include>
		<include condition="String.IsEqual(Skin.AspectRatio,21:9)">MyPVRRecordings_coords6_21:9</include>
		<include condition="String.IsEqual(Skin.AspectRatio,16:9) + False">MyPVRRecordings_coords6_21:9_masked</include>
		<include condition="String.IsEqual(Skin.AspectRatio,4:3)">MyPVRRecordings_coords6_4:3</include>
	</include>
	<include name="MyPVRRecordings_coords6_16:9">
		<itemlayout height="90" width="1050">
			<control type="label">
				<left>32</left>
				<top>0</top>
				<width>1018</width>
				<height>90</height>
				<font>Font36-light</font>
				<label>$VAR[Label1]</label>
				<textcolor>$VAR[TextColor2]</textcolor>
			</control>
			<!-- Watched status -->
			<control type="image">
				<left>0</left>
				<top>34</top>
				<width>22</width>
				<height>22</height>
				<texture>$VAR[StatusOverlay]</texture>
				<colordiffuse>$VAR[TextColor2]</colordiffuse>
			</control>
		</itemlayout>
	</include>
	<include name="MyPVRRecordings_coords6_21:9">
		<itemlayout height="90" width="1690">
			<control type="label">
				<left>32</left>
				<top>0</top>
				<width>1658</width>
				<height>90</height>
				<font>Font36-light</font>
				<label>$VAR[Label1]</label>
				<textcolor>$VAR[TextColor2]</textcolor>
			</control>
			<!-- Watched status -->
			<control type="image">
				<left>0</left>
				<top>34</top>
				<width>22</width>
				<height>22</height>
				<texture>$VAR[StatusOverlay]</texture>
				<colordiffuse>$VAR[TextColor2]</colordiffuse>
			</control>
		</itemlayout>
	</include>
	<include name="MyPVRRecordings_coords6_21:9_masked">
		<itemlayout height="90" width="1690">
			<control type="label">
				<left>32</left>
				<top>0</top>
				<width>1658</width>
				<height>90</height>
				<font>Font36-light</font>
				<label>$VAR[Label1]</label>
				<textcolor>$VAR[TextColor2]</textcolor>
			</control>
			<!-- Watched status -->
			<control type="image">
				<left>0</left>
				<top>34</top>
				<width>22</width>
				<height>22</height>
				<texture>$VAR[StatusOverlay]</texture>
				<colordiffuse>$VAR[TextColor2]</colordiffuse>
			</control>
		</itemlayout>
	</include>
	<include name="MyPVRRecordings_coords6_4:3">
		<itemlayout height="90" width="1050">
			<control type="label">
				<left>32</left>
				<top>0</top>
				<width>1018</width>
				<height>90</height>
				<font>Font36-light</font>
				<label>$VAR[Label1]</label>
				<textcolor>$VAR[TextColor2]</textcolor>
			</control>
			<!-- Watched status -->
			<control type="image">
				<left>0</left>
				<top>34</top>
				<width>22</width>
				<height>22</height>
				<texture>$VAR[StatusOverlay]</texture>
				<colordiffuse>$VAR[TextColor2]</colordiffuse>
			</control>
		</itemlayout>
	</include>
	
	<include name="MyPVRRecordings_coords7">
		<include condition="String.IsEqual(Skin.AspectRatio,16:9) + True">MyPVRRecordings_coords7_16:9</include>
		<include condition="String.IsEqual(Skin.AspectRatio,21:9)">MyPVRRecordings_coords7_21:9</include>
		<include condition="String.IsEqual(Skin.AspectRatio,16:9) + False">MyPVRRecordings_coords7_21:9_masked</include>
		<include condition="String.IsEqual(Skin.AspectRatio,4:3)">MyPVRRecordings_coords7_4:3</include>
	</include>
	<include name="MyPVRRecordings_coords7_16:9">
		<focusedlayout height="180" width="1050">
			<control type="label">
				<left>32</left>
				<top>43</top>
				<width>1018</width>
				<height>48</height>
				<font>Font48-bold</font>
				<scroll>True</scroll>
				<label>$VAR[Label1]</label>
				<textcolor>$VAR[TextColor1]</textcolor>
				<animation effect="fade" start="100" end="50" time="200" tween="cubic" easing="out" reversible="true" condition="!Control.HasFocus(50)">Conditional</animation>
			</control>
			<control type="image">
				<left>32</left>
				<top>43</top>
				<width>1018</width>
				<height>58</height>
				<texture colordiffuse="$VAR[TextColor1]">$VAR[focus58]</texture>
				<animation effect="fade" start="100" end="50" time="200" tween="cubic" easing="out" reversible="true" condition="!Control.HasFocus(50)">Conditional</animation>
				<visible>!ListItem.IsParentFolder</visible>
			</control>
			<control type="label">
				<left>32</left>
				<top>100</top>
				<width>1018</width>
				<height>27</height>
				<font>Font27</font>
				<label>$INFO[ListItem.StartDate] [LIGHT]$INFO[ListItem.StartTime]$INFO[ListItem.Duration, (,)][/LIGHT]</label>
				<textcolor>$VAR[TextColor1]</textcolor>
				<animation effect="fade" start="100" end="50" time="200" tween="cubic" easing="out" reversible="true" condition="!Control.HasFocus(50)">Conditional</animation>
			</control>
			<control type="label">
				<left>32</left>
				<top>127</top>
				<width>1018</width>
				<height>27</height>
				<font>Font27</font>
				<scroll>True</scroll>
				<label>$INFO[ListItem.ChannelName]</label>
				<textcolor>$VAR[TextColor1]</textcolor>
				<animation effect="fade" start="100" end="50" time="200" tween="cubic" easing="out" reversible="true" condition="!Control.HasFocus(50)">Conditional</animation>
			</control>
			<!-- Watched status -->
			<control type="image">
				<left>0</left>
				<top>56</top>
				<width>22</width>
				<height>22</height>
				<texture>$VAR[StatusOverlay]</texture>
				<colordiffuse>$VAR[TextColor1]</colordiffuse>
				<animation effect="fade" start="100" end="50" time="200" tween="cubic" easing="out" reversible="true" condition="!Control.HasFocus(50)">Conditional</animation>
			</control>
		</focusedlayout>
	</include>
	<include name="MyPVRRecordings_coords7_21:9_masked">
		<focusedlayout height="180" width="1690">
			<control type="label">
				<left>32</left>
				<top>43</top>
				<width>1658</width>
				<height>48</height>
				<font>Font48-bold</font>
				<scroll>True</scroll>
				<label>$VAR[Label1]</label>
				<textcolor>$VAR[TextColor1]</textcolor>
				<animation effect="fade" start="100" end="50" time="200" tween="cubic" easing="out" reversible="true" condition="!Control.HasFocus(50)">Conditional</animation>
			</control>
			<control type="image">
				<left>32</left>
				<top>43</top>
				<width>1658</width>
				<height>58</height>
				<texture colordiffuse="$VAR[TextColor1]">$VAR[focus58]</texture>
				<animation effect="fade" start="100" end="50" time="200" tween="cubic" easing="out" reversible="true" condition="!Control.HasFocus(50)">Conditional</animation>
				<visible>!ListItem.IsParentFolder</visible>
			</control>
			<control type="label">
				<left>32</left>
				<top>100</top>
				<width>1658</width>
				<height>27</height>
				<font>Font27</font>
				<label>$INFO[ListItem.StartDate] [LIGHT]$INFO[ListItem.StartTime]$INFO[ListItem.Duration, (,)][/LIGHT]</label>
				<textcolor>$VAR[TextColor1]</textcolor>
				<animation effect="fade" start="100" end="50" time="200" tween="cubic" easing="out" reversible="true" condition="!Control.HasFocus(50)">Conditional</animation>
			</control>
			<control type="label">
				<left>32</left>
				<top>127</top>
				<width>1658</width>
				<height>27</height>
				<font>Font27</font>
				<scroll>True</scroll>
				<label>$INFO[ListItem.ChannelName]</label>
				<textcolor>$VAR[TextColor1]</textcolor>
				<animation effect="fade" start="100" end="50" time="200" tween="cubic" easing="out" reversible="true" condition="!Control.HasFocus(50)">Conditional</animation>
			</control>
			<!-- Watched status -->
			<control type="image">
				<left>0</left>
				<top>56</top>
				<width>22</width>
				<height>22</height>
				<texture>$VAR[StatusOverlay]</texture>
				<colordiffuse>$VAR[TextColor1]</colordiffuse>
				<animation effect="fade" start="100" end="50" time="200" tween="cubic" easing="out" reversible="true" condition="!Control.HasFocus(50)">Conditional</animation>
			</control>
		</focusedlayout>
	</include>
	<include name="MyPVRRecordings_coords7_21:9">
		<focusedlayout height="180" width="1690">
			<control type="label">
				<left>32</left>
				<top>43</top>
				<width>1658</width>
				<height>48</height>
				<font>Font48-bold</font>
				<scroll>True</scroll>
				<label>$VAR[Label1]</label>
				<textcolor>$VAR[TextColor1]</textcolor>
				<animation effect="fade" start="100" end="50" time="200" tween="cubic" easing="out" reversible="true" condition="!Control.HasFocus(50)">Conditional</animation>
			</control>
			<control type="image">
				<left>32</left>
				<top>43</top>
				<width>1658</width>
				<height>58</height>
				<texture colordiffuse="$VAR[TextColor1]">$VAR[focus58]</texture>
				<animation effect="fade" start="100" end="50" time="200" tween="cubic" easing="out" reversible="true" condition="!Control.HasFocus(50)">Conditional</animation>
				<visible>!ListItem.IsParentFolder</visible>
			</control>
			<control type="label">
				<left>32</left>
				<top>100</top>
				<width>1658</width>
				<height>27</height>
				<font>Font27</font>
				<label>$INFO[ListItem.StartDate] [LIGHT]$INFO[ListItem.StartTime]$INFO[ListItem.Duration, (,)][/LIGHT]</label>
				<textcolor>$VAR[TextColor1]</textcolor>
				<animation effect="fade" start="100" end="50" time="200" tween="cubic" easing="out" reversible="true" condition="!Control.HasFocus(50)">Conditional</animation>
			</control>
			<control type="label">
				<left>32</left>
				<top>127</top>
				<width>1658</width>
				<height>27</height>
				<font>Font27</font>
				<scroll>True</scroll>
				<label>$INFO[ListItem.ChannelName]</label>
				<textcolor>$VAR[TextColor1]</textcolor>
				<animation effect="fade" start="100" end="50" time="200" tween="cubic" easing="out" reversible="true" condition="!Control.HasFocus(50)">Conditional</animation>
			</control>
			<!-- Watched status -->
			<control type="image">
				<left>0</left>
				<top>56</top>
				<width>22</width>
				<height>22</height>
				<texture>$VAR[StatusOverlay]</texture>
				<colordiffuse>$VAR[TextColor1]</colordiffuse>
				<animation effect="fade" start="100" end="50" time="200" tween="cubic" easing="out" reversible="true" condition="!Control.HasFocus(50)">Conditional</animation>
			</control>
		</focusedlayout>
	</include>
	<include name="MyPVRRecordings_coords7_4:3">
		<focusedlayout height="180" width="1050">
			<control type="label">
				<left>32</left>
				<top>43</top>
				<width>1018</width>
				<height>48</height>
				<font>Font48-bold</font>
				<scroll>True</scroll>
				<label>$VAR[Label1]</label>
				<textcolor>$VAR[TextColor1]</textcolor>
				<animation effect="fade" start="100" end="50" time="200" tween="cubic" easing="out" reversible="true" condition="!Control.HasFocus(50)">Conditional</animation>
			</control>
			<control type="image">
				<left>32</left>
				<top>43</top>
				<width>1018</width>
				<height>58</height>
				<texture colordiffuse="$VAR[TextColor1]">$VAR[focus58]</texture>
				<animation effect="fade" start="100" end="50" time="200" tween="cubic" easing="out" reversible="true" condition="!Control.HasFocus(50)">Conditional</animation>
				<visible>!ListItem.IsParentFolder</visible>
			</control>
			<control type="label">
				<left>32</left>
				<top>100</top>
				<width>1018</width>
				<height>27</height>
				<font>Font27</font>
				<label>$INFO[ListItem.StartDate] [LIGHT]$INFO[ListItem.StartTime]$INFO[ListItem.Duration, (,)][/LIGHT]</label>
				<textcolor>$VAR[TextColor1]</textcolor>
				<animation effect="fade" start="100" end="50" time="200" tween="cubic" easing="out" reversible="true" condition="!Control.HasFocus(50)">Conditional</animation>
			</control>
			<control type="label">
				<left>32</left>
				<top>127</top>
				<width>1018</width>
				<height>27</height>
				<font>Font27</font>
				<scroll>True</scroll>
				<label>$INFO[ListItem.ChannelName]</label>
				<textcolor>$VAR[TextColor1]</textcolor>
				<animation effect="fade" start="100" end="50" time="200" tween="cubic" easing="out" reversible="true" condition="!Control.HasFocus(50)">Conditional</animation>
			</control>
			<!-- Watched status -->
			<control type="image">
				<left>0</left>
				<top>56</top>
				<width>22</width>
				<height>22</height>
				<texture>$VAR[StatusOverlay]</texture>
				<colordiffuse>$VAR[TextColor1]</colordiffuse>
				<animation effect="fade" start="100" end="50" time="200" tween="cubic" easing="out" reversible="true" condition="!Control.HasFocus(50)">Conditional</animation>
			</control>
		</focusedlayout>
	</include>
	
	<include name="MyPVRRecordings_coords8">
		<include condition="String.IsEqual(Skin.AspectRatio,16:9) + True">MyPVRRecordings_coords8_16:9</include>
		<include condition="String.IsEqual(Skin.AspectRatio,21:9)">MyPVRRecordings_coords8_21:9</include>
		<include condition="String.IsEqual(Skin.AspectRatio,16:9) + False">MyPVRRecordings_coords8_21:9_masked</include>
		<include condition="String.IsEqual(Skin.AspectRatio,4:3)">MyPVRRecordings_coords8_4:3</include>
	</include>
	<include name="MyPVRRecordings_coords8_16:9">
		<left>690</left>
		<centertop>50%</centertop>
		<width>20</width>
		<height>720</height>
	</include>
	<include name="MyPVRRecordings_coords8_21:9_masked">
		<left>690</left>
		<centertop>50%</centertop>
		<width>20</width>
		<height>720</height>
	</include>
	<include name="MyPVRRecordings_coords8_21:9">
		<left>690</left>
		<centertop>50%</centertop>
		<width>20</width>
		<height>720</height>
	</include>
	<include name="MyPVRRecordings_coords8_4:3">
		<left>690</left>
		<centertop>50%</centertop>
		<width>20</width>
		<height>720</height>
	</include>
	
	<include name="MyPVRRecordings_coords9">
		<include condition="String.IsEqual(Skin.AspectRatio,16:9) + True">MyPVRRecordings_coords9_16:9</include>
		<include condition="String.IsEqual(Skin.AspectRatio,21:9)">MyPVRRecordings_coords9_21:9</include>
		<include condition="String.IsEqual(Skin.AspectRatio,16:9) + False">MyPVRRecordings_coords9_21:9_masked</include>
		<include condition="String.IsEqual(Skin.AspectRatio,4:3)">MyPVRRecordings_coords9_4:3</include>
	</include>
	<include name="MyPVRRecordings_coords9_16:9">
		<right>120</right>
		<bottom>110</bottom>
		<width>800</width>
		<height>44</height>
	</include>
	<include name="MyPVRRecordings_coords9_21:9">
		<right>120</right>
		<bottom>110</bottom>
		<width>800</width>
		<height>44</height>
	</include>
	<include name="MyPVRRecordings_coords9_21:9_masked">
		<right>120</right>
		<bottom>290</bottom>
		<width>800</width>
		<height>44</height>
	</include>
	<include name="MyPVRRecordings_coords9_4:3">
		<right>120</right>
		<bottom>110</bottom>
		<width>800</width>
		<height>44</height>
	</include>

</includes>