<?xml version="1.0" encoding="UTF-8"?>
<includes>
	
	<include name="Custom_DialogMasking_coords1">
		<include condition="String.IsEqual(Skin.AspectRatio,16:9) + True">Custom_DialogMasking_coords1_16:9</include>
		<include condition="String.IsEqual(Skin.AspectRatio,21:9)">Custom_DialogMasking_coords1_21:9</include>
		<include condition="String.IsEqual(Skin.AspectRatio,16:9) + False">Custom_DialogMasking_coords1_21:9_masked</include>
		<include condition="String.IsEqual(Skin.AspectRatio,4:3)">Custom_DialogMasking_coords1_4:3</include>
	</include>
	<include name="Custom_DialogMasking_coords1_16:9">
		<centerleft>50%</centerleft>
		<centertop>50%</centertop>
		<width>400</width>
		<height>410</height>
	</include>
	<include name="Custom_DialogMasking_coords1_21:9">
		<centerleft>50%</centerleft>
		<centertop>50%</centertop>
		<width>400</width>
		<height>410</height>
	</include>
	<include name="Custom_DialogMasking_coords1_21:9_masked">
		<centerleft>50%</centerleft>
		<centertop>50%</centertop>
		<width>400</width>
		<height>410</height>
	</include>
	<include name="Custom_DialogMasking_coords1_4:3">
		<centerleft>50%</centerleft>
		<centertop>50%</centertop>
		<width>400</width>
		<height>410</height>
	</include>
	
	<include name="Custom_DialogMasking_coords2">
		<include condition="String.IsEqual(Skin.AspectRatio,16:9) + True">Custom_DialogMasking_coords2_16:9</include>
		<include condition="String.IsEqual(Skin.AspectRatio,21:9)">Custom_DialogMasking_coords2_21:9</include>
		<include condition="String.IsEqual(Skin.AspectRatio,16:9) + False">Custom_DialogMasking_coords2_21:9_masked</include>
		<include condition="String.IsEqual(Skin.AspectRatio,4:3)">Custom_DialogMasking_coords2_4:3</include>
	</include>
	<include name="Custom_DialogMasking_coords2_16:9">
		<width>400</width>
		<height>410</height>
	</include>
	<include name="Custom_DialogMasking_coords2_21:9">
		<width>400</width>
		<height>410</height>
	</include>
	<include name="Custom_DialogMasking_coords2_21:9_masked">
		<width>400</width>
		<height>410</height>
	</include>
	<include name="Custom_DialogMasking_coords2_4:3">
		<width>400</width>
		<height>410</height>
	</include>
	
	<include name="Custom_DialogMasking_coords3">
		<include condition="String.IsEqual(Skin.AspectRatio,16:9) + True">Custom_DialogMasking_coords3_16:9</include>
		<include condition="String.IsEqual(Skin.AspectRatio,21:9)">Custom_DialogMasking_coords3_21:9</include>
		<include condition="String.IsEqual(Skin.AspectRatio,16:9) + False">Custom_DialogMasking_coords3_21:9_masked</include>
		<include condition="String.IsEqual(Skin.AspectRatio,4:3)">Custom_DialogMasking_coords3_4:3</include>
	</include>
	<include name="Custom_DialogMasking_coords3_16:9">
		<left>50</left>
		<top>30</top>
		<width>300</width>
		<height>33</height>
	</include>
	<include name="Custom_DialogMasking_coords3_21:9">
		<left>50</left>
		<top>30</top>
		<width>300</width>
		<height>33</height>
	</include>
	<include name="Custom_DialogMasking_coords3_21:9_masked">
		<left>50</left>
		<top>30</top>
		<width>300</width>
		<height>33</height>
	</include>
	<include name="Custom_DialogMasking_coords3_4:3">
		<left>50</left>
		<top>30</top>
		<width>300</width>
		<height>33</height>
	</include>
	
	<include name="Custom_DialogMasking_coords4">
		<include condition="String.IsEqual(Skin.AspectRatio,16:9) + True">Custom_DialogMasking_coords4_16:9</include>
		<include condition="String.IsEqual(Skin.AspectRatio,21:9)">Custom_DialogMasking_coords4_21:9</include>
		<include condition="String.IsEqual(Skin.AspectRatio,16:9) + False">Custom_DialogMasking_coords4_21:9_masked</include>
		<include condition="String.IsEqual(Skin.AspectRatio,4:3)">Custom_DialogMasking_coords4_4:3</include>
	</include>
	<include name="Custom_DialogMasking_coords4_16:9">
		<left>50</left>
		<top>90</top>
		<width>300</width>
		<height>250</height>
	</include>
	<include name="Custom_DialogMasking_coords4_21:9">
		<left>50</left>
		<top>90</top>
		<width>300</width>
		<height>250</height>
	</include>
	<include name="Custom_DialogMasking_coords4_21:9_masked">
		<left>50</left>
		<top>90</top>
		<width>300</width>
		<height>250</height>
	</include>
	<include name="Custom_DialogMasking_coords4_4:3">
		<left>50</left>
		<top>90</top>
		<width>300</width>
		<height>250</height>
	</include>
	
	<include name="Custom_DialogMasking_coords5">
		<include condition="String.IsEqual(Skin.AspectRatio,16:9) + True">Custom_DialogMasking_coords5_16:9</include>
		<include condition="String.IsEqual(Skin.AspectRatio,21:9)">Custom_DialogMasking_coords5_21:9</include>
		<include condition="String.IsEqual(Skin.AspectRatio,16:9) + False">Custom_DialogMasking_coords5_21:9_masked</include>
		<include condition="String.IsEqual(Skin.AspectRatio,4:3)">Custom_DialogMasking_coords5_4:3</include>
	</include>
	<include name="Custom_DialogMasking_coords5_16:9">
		<left>50</left>
		<width>300</width>
		<height>50</height>
		<textwidth>120</textwidth>
	</include>
	<include name="Custom_DialogMasking_coords5_21:9">
		<left>50</left>
		<width>300</width>
		<height>50</height>
		<textwidth>220</textwidth>
	</include>
	<include name="Custom_DialogMasking_coords5_21:9_masked">
		<left>50</left>
		<width>300</width>
		<height>50</height>
		<textwidth>220</textwidth>
	</include>
	<include name="Custom_DialogMasking_coords5_4:3">
		<left>50</left>
		<width>300</width>
		<height>50</height>
		<textwidth>220</textwidth>
	</include>
	
	<include name="Custom_DialogMasking_coords6">
		<include condition="String.IsEqual(Skin.AspectRatio,16:9) + True">Custom_DialogMasking_coords6_16:9</include>
		<include condition="String.IsEqual(Skin.AspectRatio,21:9)">Custom_DialogMasking_coords6_21:9</include>
		<include condition="String.IsEqual(Skin.AspectRatio,16:9) + False">Custom_DialogMasking_coords6_21:9_masked</include>
		<include condition="String.IsEqual(Skin.AspectRatio,4:3)">Custom_DialogMasking_coords6_4:3</include>
	</include>
	<include name="Custom_DialogMasking_coords6_16:9">
		<left>50</left>
		<width>300</width>
		<top>335</top>
	</include>
	<include name="Custom_DialogMasking_coords6_21:9">
		<left>50</left>
		<width>300</width>
		<top>335</top>
	</include>
	<include name="Custom_DialogMasking_coords6_21:9_masked">
		<left>50</left>
		<width>300</width>
		<top>335</top>
	</include>
	<include name="Custom_DialogMasking_coords6_4:3">
		<left>50</left>
		<width>300</width>
		<top>335</top>
	</include>

</includes>