<?xml version="1.0" encoding="UTF-8"?>
<includes>

	<include name="LoginScreen_coords1">
		<include condition="String.IsEqual(Skin.AspectRatio,16:9) + True">LoginScreen_coords1_16:9</include>
		<include condition="String.IsEqual(Skin.AspectRatio,21:9)">LoginScreen_coords1_21:9</include>
		<include condition="String.IsEqual(Skin.AspectRatio,16:9) + False">LoginScreen_coords1_21:9_masked</include>
		<include condition="String.IsEqual(Skin.AspectRatio,4:3)">LoginScreen_coords1_4:3</include>
	</include>
	<include name="LoginScreen_coords1_16:9">
		<left>120</left>
		<top>105</top>
		<width>50</width>
		<height>50</height>
	</include>
	<include name="LoginScreen_coords1_21:9">
		<left>120</left>
		<top>105</top>
		<width>50</width>
		<height>50</height>
	</include>
	<include name="LoginScreen_coords1_21:9_masked">
		<left>120</left>
		<top>285</top>
		<width>50</width>
		<height>50</height>
	</include>
	<include name="LoginScreen_coords1_4:3">
		<left>120</left>
		<top>105</top>
		<width>50</width>
		<height>50</height>
	</include>
	
	<include name="LoginScreen_coords2">
		<include condition="String.IsEqual(Skin.AspectRatio,16:9) + True">LoginScreen_coords2_16:9</include>
		<include condition="String.IsEqual(Skin.AspectRatio,21:9)">LoginScreen_coords2_21:9</include>
		<include condition="String.IsEqual(Skin.AspectRatio,16:9) + False">LoginScreen_coords2_21:9_masked</include>
		<include condition="String.IsEqual(Skin.AspectRatio,4:3)">LoginScreen_coords2_4:3</include>
	</include>
	<include name="LoginScreen_coords2_16:9">
		<left>120</left>
		<top>225</top>
		<width>405</width>
		<height>666</height>
	</include>
	<include name="LoginScreen_coords2_21:9">
		<left>120</left>
		<top>225</top>
		<width>405</width>
		<height>666</height>
	</include>
	<include name="LoginScreen_coords2_21:9_masked">
		<left>120</left>
		<top>405</top>
		<width>405</width>
		<height>666</height>
	</include>
	<include name="LoginScreen_coords2_4:3">
		<left>120</left>
		<top>225</top>
		<width>405</width>
		<height>666</height>
	</include>
	
	<include name="LoginScreen_coords3">
		<include condition="String.IsEqual(Skin.AspectRatio,16:9) + True">LoginScreen_coords3_16:9</include>
		<include condition="String.IsEqual(Skin.AspectRatio,21:9)">LoginScreen_coords3_21:9</include>
		<include condition="String.IsEqual(Skin.AspectRatio,16:9) + False">LoginScreen_coords3_21:9_masked</include>
		<include condition="String.IsEqual(Skin.AspectRatio,4:3)">LoginScreen_coords3_4:3</include>
	</include>
	<include name="LoginScreen_coords3_16:9">
		<left>750</left>
		<centertop>50%</centertop>
		<width>1050</width>
		<height>720</height>
	</include>
	<include name="LoginScreen_coords3_21:9">
		<left>750</left>
		<centertop>50%</centertop>
		<width>1690</width>
		<height>720</height>
	</include>
	<include name="LoginScreen_coords3_21:9_masked">
		<left>750</left>
		<centertop>50%</centertop>
		<width>1690</width>
		<height>720</height>
	</include>
	<include name="LoginScreen_coords3_4:3">
		<left>750</left>
		<centertop>50%</centertop>
		<width>570</width>
		<height>720</height>
	</include>
	
	<include name="LoginScreen_coords4">
		<include condition="String.IsEqual(Skin.AspectRatio,16:9) + True">LoginScreen_coords4_16:9</include>
		<include condition="String.IsEqual(Skin.AspectRatio,21:9)">LoginScreen_coords4_21:9</include>
		<include condition="String.IsEqual(Skin.AspectRatio,16:9) + False">LoginScreen_coords4_21:9_masked</include>
		<include condition="String.IsEqual(Skin.AspectRatio,4:3)">LoginScreen_coords4_4:3</include>
	</include>
	<include name="LoginScreen_coords4_16:9">
		<itemlayout height="90" width="1050">
			<control type="label">
				<left>32</left>
				<top>0</top>
				<width>1018</width>
				<height>90</height>
				<font>Font36-light</font>
				<label>$INFO[ListItem.Label]</label>
				<textcolor>$VAR[TextColor2]</textcolor>
			</control>
		</itemlayout>
	</include>
	<include name="LoginScreen_coords4_21:9">
		<itemlayout height="90" width="1690">
			<control type="label">
				<left>32</left>
				<top>0</top>
				<width>1658</width>
				<height>90</height>
				<font>Font36-light</font>
				<label>$INFO[ListItem.Label]</label>
				<textcolor>$VAR[TextColor2]</textcolor>
			</control>
		</itemlayout>
	</include>
	<include name="LoginScreen_coords4_21:9_masked">
		<itemlayout height="90" width="1690">
			<control type="label">
				<left>32</left>
				<top>0</top>
				<width>1658</width>
				<height>90</height>
				<font>Font36-light</font>
				<label>$INFO[ListItem.Label]</label>
				<textcolor>$VAR[TextColor2]</textcolor>
			</control>
		</itemlayout>
	</include>
	<include name="LoginScreen_coords4_4:3">
		<itemlayout height="90" width="570">
			<control type="label">
				<left>32</left>
				<top>0</top>
				<width>538</width>
				<height>90</height>
				<font>Font36-light</font>
				<label>$INFO[ListItem.Label]</label>
				<textcolor>$VAR[TextColor2]</textcolor>
			</control>
		</itemlayout>
	</include>
	
	<include name="LoginScreen_coords5">
		<include condition="String.IsEqual(Skin.AspectRatio,16:9) + True">LoginScreen_coords5_16:9</include>
		<include condition="String.IsEqual(Skin.AspectRatio,21:9)">LoginScreen_coords5_21:9</include>
		<include condition="String.IsEqual(Skin.AspectRatio,16:9) + False">LoginScreen_coords5_21:9_masked</include>
		<include condition="String.IsEqual(Skin.AspectRatio,4:3)">LoginScreen_coords5_4:3</include>
	</include>
	<include name="LoginScreen_coords5_16:9">
		<focusedlayout width="1050" height="156">
			<control type="label">
				<left>32</left>
				<top>43</top>
				<width>1018</width>
				<height>48</height>
				<font>Font48-bold</font>
				<label>$INFO[ListItem.Label]</label>
				<textcolor>$VAR[TextColor1]</textcolor>
				<animation effect="fade" start="100" end="50" time="200" tween="cubic" easing="out" reversible="true" condition="!Control.HasFocus(52)">Conditional</animation>
			</control>
			<control type="image">
				<left>32</left>
				<top>43</top>
				<width>1018</width>
				<height>58</height>
				<texture colordiffuse="$VAR[TextColor1]">$VAR[focus58]</texture>
				<animation effect="fade" start="100" end="50" time="200" tween="cubic" easing="out" reversible="true" condition="!Control.HasFocus(52)">Conditional</animation>
			</control>
			<control type="label">
				<left>32</left>
				<top>100</top>
				<width>1018</width>
				<height>27</height>
				<font>Font27</font>
				<label>$INFO[ListItem.Label2]</label>
				<textcolor>$VAR[TextColor2]</textcolor>
				<animation effect="fade" start="100" end="50" time="200" tween="cubic" easing="out" reversible="true" condition="!Control.HasFocus(52)">Conditional</animation>
			</control>
		</focusedlayout>
	</include>
	<include name="LoginScreen_coords5_21:9">
		<focusedlayout width="1690" height="156">
			<control type="label">
				<left>32</left>
				<top>43</top>
				<width>1658</width>
				<height>48</height>
				<font>Font48-bold</font>
				<label>$INFO[ListItem.Label]</label>
				<textcolor>$VAR[TextColor1]</textcolor>
				<animation effect="fade" start="100" end="50" time="200" tween="cubic" easing="out" reversible="true" condition="!Control.HasFocus(52)">Conditional</animation>
			</control>
			<control type="image">
				<left>32</left>
				<top>43</top>
				<width>1658</width>
				<height>58</height>
				<texture colordiffuse="$VAR[TextColor1]">$VAR[focus58]</texture>
				<animation effect="fade" start="100" end="50" time="200" tween="cubic" easing="out" reversible="true" condition="!Control.HasFocus(52)">Conditional</animation>
			</control>
			<control type="label">
				<left>32</left>
				<top>100</top>
				<width>1658</width>
				<height>27</height>
				<font>Font27</font>
				<label>$INFO[ListItem.Label2]</label>
				<textcolor>$VAR[TextColor2]</textcolor>
				<animation effect="fade" start="100" end="50" time="200" tween="cubic" easing="out" reversible="true" condition="!Control.HasFocus(52)">Conditional</animation>
			</control>
		</focusedlayout>
	</include>
	<include name="LoginScreen_coords5_21:9_masked">
		<focusedlayout width="1690" height="156">
			<control type="label">
				<left>32</left>
				<top>43</top>
				<width>1658</width>
				<height>48</height>
				<font>Font48-bold</font>
				<label>$INFO[ListItem.Label]</label>
				<textcolor>$VAR[TextColor1]</textcolor>
				<animation effect="fade" start="100" end="50" time="200" tween="cubic" easing="out" reversible="true" condition="!Control.HasFocus(52)">Conditional</animation>
			</control>
			<control type="image">
				<left>32</left>
				<top>43</top>
				<width>1658</width>
				<height>58</height>
				<texture colordiffuse="$VAR[TextColor1]">$VAR[focus58]</texture>
				<animation effect="fade" start="100" end="50" time="200" tween="cubic" easing="out" reversible="true" condition="!Control.HasFocus(52)">Conditional</animation>
			</control>
			<control type="label">
				<left>32</left>
				<top>100</top>
				<width>1658</width>
				<height>27</height>
				<font>Font27</font>
				<label>$INFO[ListItem.Label2]</label>
				<textcolor>$VAR[TextColor2]</textcolor>
				<animation effect="fade" start="100" end="50" time="200" tween="cubic" easing="out" reversible="true" condition="!Control.HasFocus(52)">Conditional</animation>
			</control>
		</focusedlayout>
	</include>
	<include name="LoginScreen_coords5_4:3">
		<focusedlayout width="570" height="156">
			<control type="label">
				<left>32</left>
				<top>43</top>
				<width>538</width>
				<height>48</height>
				<font>Font48-bold</font>
				<label>$INFO[ListItem.Label]</label>
				<textcolor>$VAR[TextColor1]</textcolor>
				<animation effect="fade" start="100" end="50" time="200" tween="cubic" easing="out" reversible="true" condition="!Control.HasFocus(52)">Conditional</animation>
			</control>
			<control type="image">
				<left>32</left>
				<top>43</top>
				<width>538</width>
				<height>58</height>
				<texture colordiffuse="$VAR[TextColor1]">$VAR[focus58]</texture>
				<animation effect="fade" start="100" end="50" time="200" tween="cubic" easing="out" reversible="true" condition="!Control.HasFocus(52)">Conditional</animation>
			</control>
			<control type="label">
				<left>32</left>
				<top>100</top>
				<width>538</width>
				<height>27</height>
				<font>Font27</font>
				<label>$INFO[ListItem.Label2]</label>
				<textcolor>$VAR[TextColor2]</textcolor>
				<animation effect="fade" start="100" end="50" time="200" tween="cubic" easing="out" reversible="true" condition="!Control.HasFocus(52)">Conditional</animation>
			</control>
		</focusedlayout>
	</include>

</includes>