<?xml version="1.0" encoding="UTF-8"?>
<window>
	<!-- musicinformation -->
	<defaultcontrol always="true">9000</defaultcontrol>

	<controls>

		<!-- Dialog fanart -->
		<include>DialogFanart</include>

		<control type="group">
			<include>DialogDepth</include>

			<!-- Animation -->
			<include>DialogZoomAnimation</include>
			
			<!-- Heading -->
			<include content="Time">
				<param name="heading">$VAR[MusicInfoLabel]</param>
			</include>

			<!-- Image -->
			<control type="image">
				<include>DialogMusicInfo_coords1</include>
				<fadetime>100</fadetime>
				<texture>$INFO[ListItem.Icon]</texture>
				<colordiffuse>$VAR[OverlayColorFO]</colordiffuse>
				<aspectratio align="center" aligny="center">keep</aspectratio>
			</control>

			<!-- Play count and last played date & time -->
			<control type="fadelabel">
				<include>DialogMusicInfo_coords2</include>
				<font>Font27</font>
				<align>center</align>
				<label>$INFO[ListItem.LastPlayed,$LOCALIZE[568]: ,]$INFO[ListItem.PlayCount, &#8226; $LOCALIZE[576]: ,]</label>
				<textcolor>$VAR[TextColor2]</textcolor>
				<visible>!String.IsEmpty(ListItem.LastPlayed)</visible>
			</control>

			<!-- Info -->
			<control type="group">
				<include>DialogMusicInfo_coords3</include>
				<visible>!String.IsEqual(Control.GetLabel(5),$LOCALIZE[21887]) + !String.IsEqual(Control.GetLabel(5),$LOCALIZE[183])</visible>

				<!-- Details (song) -->
				<control type="grouplist" id="100">
					<include>DialogMusicInfo_coords4</include>
					<itemgap>12</itemgap>
					<orientation>vertical</orientation>
					<usecontrolcoords>true</usecontrolcoords>
					<visible>Window.Is(songinformation)</visible>

					<!-- Artist -->
					<control type="group">
						<include>DialogMusicInfo_coords5</include>
						<visible>!String.IsEmpty(ListItem.Artist)</visible>
						<control type="fadelabel">
							<include>DialogMusicInfo_coords6</include>
							<align>right</align>
							<font>Font36</font>
							<label>557</label>
							<textcolor>$VAR[TextColor2]</textcolor>
						</control>
						<control type="fadelabel">
							<include>DialogMusicInfo_coords7</include>
							<font>Font36</font>
							<label>$INFO[ListItem.Artist]</label>
							<textcolor>$VAR[TextColor1]</textcolor>
						</control>
					</control>

					<!-- Album -->
					<control type="group">
						<include>DialogMusicInfo_coords5</include>
						<visible>!String.IsEmpty(ListItem.Album)</visible>
						<control type="fadelabel">
							<include>DialogMusicInfo_coords6</include>
							<align>right</align>
							<font>Font36</font>
							<label>558</label>
							<textcolor>$VAR[TextColor2]</textcolor>
						</control>
						<control type="fadelabel">
							<include>DialogMusicInfo_coords7</include>
							<font>Font36</font>
							<label>$INFO[ListItem.Album]</label>
							<textcolor>$VAR[TextColor1]</textcolor>
						</control>
					</control>

					<!-- Year -->
					<control type="group">
						<include>DialogMusicInfo_coords5</include>
						<visible>!String.IsEmpty(ListItem.Year)</visible>
						<control type="fadelabel">
							<include>DialogMusicInfo_coords6</include>
							<align>right</align>
							<font>Font36</font>
							<label>562</label>
							<textcolor>$VAR[TextColor2]</textcolor>
						</control>
						<control type="fadelabel">
							<include>DialogMusicInfo_coords7</include>
							<font>Font36</font>
							<label>$INFO[ListItem.Year]</label>
							<textcolor>$VAR[TextColor1]</textcolor>
						</control>
					</control>

					<!-- Genre -->
					<control type="group">
						<include>DialogMusicInfo_coords5</include>
						<visible>!String.IsEmpty(ListItem.Genre)</visible>
						<control type="fadelabel">
							<include>DialogMusicInfo_coords6</include>
							<align>right</align>
							<font>Font36</font>
							<label>515</label>
							<textcolor>$VAR[TextColor2]</textcolor>
						</control>
						<control type="fadelabel">
							<include>DialogMusicInfo_coords7</include>
							<font>Font36</font>
							<label>$INFO[ListItem.Genre]</label>
							<textcolor>$VAR[TextColor1]</textcolor>
						</control>
					</control>

					<!-- Track Number -->
					<control type="group">
						<include>DialogMusicInfo_coords5</include>
						<visible>!String.IsEmpty(ListItem.TrackNumber)</visible>
						<control type="fadelabel">
							<include>DialogMusicInfo_coords6</include>
							<align>right</align>
							<font>Font36</font>
							<label>554</label>
							<textcolor>$VAR[TextColor2]</textcolor>
						</control>
						<control type="fadelabel">
							<include>DialogMusicInfo_coords7</include>
							<font>Font36</font>
							<label>$INFO[ListItem.TrackNumber]</label>
							<textcolor>$VAR[TextColor1]</textcolor>
						</control>
					</control>
					
					<!-- Duration -->
					<control type="group">
						<include>DialogMusicInfo_coords5</include>
						<visible>!String.IsEmpty(ListItem.Duration)</visible>
						<control type="fadelabel">
							<include>DialogMusicInfo_coords6</include>
							<align>right</align>
							<font>Font36</font>
							<label>180</label>
							<textcolor>$VAR[TextColor2]</textcolor>
						</control>
						<control type="fadelabel">
							<include>DialogMusicInfo_coords7</include>
							<font>Font36</font>
							<label>$VAR[Duration]</label>
							<textcolor>$VAR[TextColor1]</textcolor>
						</control>
					</control>						

					<!-- Rating -->
					<control type="group">
						<include>DialogMusicInfo_coords5</include>
						<visible>String.IsEqual(ListItem.StarRating,rating0.png) | String.IsEqual(ListItem.StarRating,rating1.png) | String.IsEqual(ListItem.StarRating,rating2.png) | String.IsEqual(ListItem.StarRating,rating3.png) | String.IsEqual(ListItem.StarRating,rating4.png) | String.IsEqual(ListItem.StarRating,rating5.png)</visible>
						<control type="fadelabel">
							<include>DialogMusicInfo_coords6</include>
							<align>right</align>
							<font>Font36</font>
							<label>563</label>
							<textcolor>$VAR[TextColor2]</textcolor>
						</control>
						<control type="image">
							<include>DialogMusicInfo_coords7</include>
							<aspectratio align="left">keep</aspectratio>
							<texture>$INFO[ListItem.StarRating]</texture>
						</control>
					</control>

				</control>

				<!-- Details (album/artist) -->
				<control type="grouplist" id="101">
					<include>DialogMusicInfo_coords4</include>
					<itemgap>12</itemgap>
					<orientation>vertical</orientation>
					<usecontrolcoords>true</usecontrolcoords>
					<pagecontrol>50</pagecontrol>
					<visible>!Window.Is(songinformation)</visible>
					
					<!-- Artist -->
					<control type="group">
						<include>DialogMusicInfo_coords5</include>
						<visible>Container.Content(Albums) + !String.IsEmpty(ListItem.Artist)</visible>
						<control type="fadelabel">
							<include>DialogMusicInfo_coords6</include>
							<align>right</align>
							<font>Font36</font>
							<label>557</label>
							<textcolor>$VAR[TextColor2]</textcolor>
						</control>
						<control type="fadelabel">
							<include>DialogMusicInfo_coords7</include>
							<font>Font36</font>
							<label>$INFO[ListItem.Artist]</label>
							<textcolor>$VAR[TextColor1]</textcolor>
						</control>
					</control>

					<!-- Year -->
					<control type="group">
						<include>DialogMusicInfo_coords5</include>
						<visible>!String.IsEmpty(ListItem.Year)</visible>
						<control type="fadelabel">
							<include>DialogMusicInfo_coords6</include>
							<align>right</align>
							<font>Font36</font>
							<label>562</label>
							<textcolor>$VAR[TextColor2]</textcolor>
						</control>
						<control type="fadelabel">
							<include>DialogMusicInfo_coords7</include>
							<font>Font36</font>
							<label>$INFO[ListItem.Year]</label>
							<textcolor>$VAR[TextColor1]</textcolor>
						</control>
					</control>

					<!-- Genre -->
					<control type="group">
						<include>DialogMusicInfo_coords5</include>
						<visible>!String.IsEmpty(ListItem.Genre)</visible>
						<control type="fadelabel">
							<include>DialogMusicInfo_coords6</include>
							<align>right</align>
							<font>Font36</font>
							<label>515</label>
							<textcolor>$VAR[TextColor2]</textcolor>
						</control>
						<control type="fadelabel">
							<include>DialogMusicInfo_coords7</include>
							<font>Font36</font>
							<label>$INFO[ListItem.Genre]</label>
							<textcolor>$VAR[TextColor1]</textcolor>
						</control>
					</control>
					
					<!-- Type -->
					<control type="group">
						<include>DialogMusicInfo_coords5</include>
						<visible>!String.IsEmpty(ListItem.Property(Album_Type))</visible>
						<control type="fadelabel">
							<include>DialogMusicInfo_coords6</include>
							<align>right</align>
							<font>Font36</font>
							<label>146</label>
							<textcolor>$VAR[TextColor2]</textcolor>
						</control>
						<control type="fadelabel">
							<include>DialogMusicInfo_coords7</include>
							<font>Font36</font>
							<label>$INFO[ListItem.Property(Album_Type)]</label>
							<textcolor>$VAR[TextColor1]</textcolor>
						</control>
					</control>

					<!-- Label -->
					<control type="group">
						<include>DialogMusicInfo_coords5</include>
						<visible>!String.IsEmpty(ListItem.Property(Album_Label))</visible>
						<control type="fadelabel">
							<include>DialogMusicInfo_coords6</include>
							<align>right</align>
							<font>Font36</font>
							<label>21899</label>
							<textcolor>$VAR[TextColor2]</textcolor>
						</control>
						<control type="fadelabel">
							<include>DialogMusicInfo_coords7</include>
							<font>Font36</font>
							<label>$INFO[ListItem.Property(Album_Label)]</label>
							<textcolor>$VAR[TextColor1]</textcolor>
						</control>
					</control>

					<!-- Rating -->
					<control type="group">
						<include>DialogMusicInfo_coords5</include>
						<visible>Container.Content(albums) + [String.IsEqual(ListItem.StarRating,rating0.png) | String.IsEqual(ListItem.StarRating,rating1.png) | String.IsEqual(ListItem.StarRating,rating2.png) | String.IsEqual(ListItem.StarRating,rating3.png) | String.IsEqual(ListItem.StarRating,rating4.png) | String.IsEqual(ListItem.StarRating,rating5.png)]</visible>
						<control type="fadelabel">
							<include>DialogMusicInfo_coords6</include>
							<align>right</align>
							<font>Font36</font>
							<label>563</label>
							<textcolor>$VAR[TextColor2]</textcolor>
						</control>
						<control type="image" id="99">
							<include>DialogMusicInfo_coords7</include>
							<aspectratio align="left">keep</aspectratio>
							<texture>$INFO[ListItem.StarRating]</texture>
						</control>
					</control>

					<!-- Mood -->
					<control type="group">
						<include>DialogMusicInfo_coords5</include>
						<visible>!String.IsEmpty(ListItem.Property(Album_Mood))</visible>
						<control type="fadelabel">
							<include>DialogMusicInfo_coords6</include>
							<align>right</align>
							<font>Font36</font>
							<label>175</label>
							<textcolor>$VAR[TextColor2]</textcolor>
						</control>
						<control type="fadelabel">
							<include>DialogMusicInfo_coords7</include>
							<font>Font36</font>
							<label>$INFO[ListItem.Property(Album_Mood)]</label>
							<textcolor>$VAR[TextColor1]</textcolor>
						</control>
					</control>

					<!-- Style -->
					<control type="group">
						<include>DialogMusicInfo_coords5</include>
						<visible>!String.IsEmpty(ListItem.Property(Album_Style))</visible>
						<control type="fadelabel">
							<include>DialogMusicInfo_coords6</include>
							<align>right</align>
							<font>Font36</font>
							<label>176</label>
							<textcolor>$VAR[TextColor2]</textcolor>
						</control>
						<control type="fadelabel">
							<include>DialogMusicInfo_coords7</include>
							<font>Font36</font>
							<label>$INFO[ListItem.Property(Album_Style)]</label>
							<textcolor>$VAR[TextColor1]</textcolor>
						</control>
					</control>

					<!-- Theme -->
					<control type="group">
						<include>DialogMusicInfo_coords5</include>
						<visible>!String.IsEmpty(ListItem.Property(Album_Theme))</visible>
						<control type="fadelabel">
							<include>DialogMusicInfo_coords6</include>
							<align>right</align>
							<font>Font36</font>
							<label>21895</label>
							<textcolor>$VAR[TextColor2]</textcolor>
						</control>
						<control type="fadelabel">
							<include>DialogMusicInfo_coords7</include>
							<font>Font36</font>
							<label>$INFO[ListItem.Property(Album_Theme)]</label>
							<textcolor>$VAR[TextColor1]</textcolor>
						</control>
					</control>

					<!-- Born -->
					<control type="group">
						<include>DialogMusicInfo_coords5</include>
						<visible>!String.IsEmpty(ListItem.Property(Artist_Born))</visible>
						<control type="fadelabel">
							<include>DialogMusicInfo_coords6</include>
							<align>right</align>
							<font>Font36</font>
							<label>21893</label>
							<textcolor>$VAR[TextColor2]</textcolor>
						</control>
						<control type="fadelabel">
							<include>DialogMusicInfo_coords7</include>
							<font>Font36</font>
							<label>$INFO[ListItem.Property(Artist_Born)]</label>
							<textcolor>$VAR[TextColor1]</textcolor>
						</control>
					</control>
					
					<!-- Died -->
					<control type="group">
						<include>DialogMusicInfo_coords5</include>
						<visible>!String.IsEmpty(ListItem.Property(Artist_Died))</visible>
						<control type="fadelabel">
							<include>DialogMusicInfo_coords6</include>
							<align>right</align>
							<font>Font36</font>
							<label>21897</label>
							<textcolor>$VAR[TextColor2]</textcolor>
						</control>
						<control type="fadelabel">
							<include>DialogMusicInfo_coords7</include>
							<font>Font36</font>
							<label>$INFO[ListItem.Property(Artist_Died)]</label>
							<textcolor>$VAR[TextColor1]</textcolor>
						</control>
					</control>
					
					<!-- Formed -->
					<control type="group">
						<include>DialogMusicInfo_coords5</include>
						<visible>!String.IsEmpty(ListItem.Property(Artist_Formed))</visible>
						<control type="fadelabel">
							<include>DialogMusicInfo_coords6</include>
							<align>right</align>
							<font>Font36</font>
							<label>21894</label>
							<textcolor>$VAR[TextColor2]</textcolor>
						</control>
						<control type="fadelabel">
							<include>DialogMusicInfo_coords7</include>
							<font>Font36</font>
							<label>$INFO[ListItem.Property(Artist_Formed)]</label>
							<textcolor>$VAR[TextColor1]</textcolor>
						</control>
					</control>

					<!-- Years active -->
					<control type="group">
						<include>DialogMusicInfo_coords5</include>
						<visible>!String.IsEmpty(ListItem.Property(Artist_YearsActive))</visible>
						<control type="fadelabel">
							<include>DialogMusicInfo_coords6</include>
							<align>right</align>
							<font>Font36</font>
							<label>652</label>
							<textcolor>$VAR[TextColor2]</textcolor>
						</control>
						<control type="fadelabel">
							<include>DialogMusicInfo_coords7</include>
							<font>Font36</font>
							<label>$INFO[ListItem.Property(Artist_YearsActive)]</label>
							<textcolor>$VAR[TextColor1]</textcolor>
						</control>
					</control>

					<!-- Mood -->
					<control type="group">
						<include>DialogMusicInfo_coords5</include>
						<visible>!String.IsEmpty(ListItem.Property(Artist_Mood))</visible>
						<control type="fadelabel">
							<include>DialogMusicInfo_coords6</include>
							<align>right</align>
							<font>Font36</font>
							<label>175</label>
							<textcolor>$VAR[TextColor2]</textcolor>
						</control>
						<control type="fadelabel">
							<include>DialogMusicInfo_coords7</include>
							<font>Font36</font>
							<label>$INFO[ListItem.Property(Artist_Mood)]</label>
							<textcolor>$VAR[TextColor1]</textcolor>
						</control>
					</control>

					<!-- Style -->
					<control type="group">
						<include>DialogMusicInfo_coords5</include>
						<visible>!String.IsEmpty(ListItem.Property(Artist_Style))</visible>
						<control type="fadelabel">
							<include>DialogMusicInfo_coords6</include>
							<align>right</align>
							<font>Font36</font>
							<label>176</label>
							<textcolor>$VAR[TextColor2]</textcolor>
						</control>
						<control type="fadelabel">
							<include>DialogMusicInfo_coords7</include>
							<font>Font36</font>
							<label>$INFO[ListItem.Property(Artist_Style)]</label>
							<textcolor>$VAR[TextColor1]</textcolor>
						</control>
					</control>

					<!-- Instrument -->
					<control type="group">
						<include>DialogMusicInfo_coords5</include>
						<visible>!String.IsEmpty(ListItem.Property(Artist_Instrument))</visible>
						<control type="fadelabel">
							<include>DialogMusicInfo_coords6</include>
							<align>right</align>
							<font>Font36</font>
							<label>21892</label>
							<textcolor>$VAR[TextColor2]</textcolor>
						</control>
						<control type="fadelabel">
							<include>DialogMusicInfo_coords7</include>
							<font>Font36</font>
							<label>$INFO[ListItem.Property(Artist_Instrument)]</label>
							<textcolor>$VAR[TextColor1]</textcolor>
						</control>
					</control>

				</control>

				<!-- Plot -->
				<control type="group">
					<include>DialogMusicInfo_coords8</include>
					<control type="textbox">
						<align>left</align>
						<font>Font27-light</font>
						<textcolor>$VAR[TextColor2]</textcolor>
						<label>$VAR[MusicInfoDescription]</label>
						<autoscroll delay="10000" time="2000" repeat="12000">True</autoscroll>
						<visible>Skin.String(PlotFont,S light)</visible>
					</control>
					<control type="textbox">
						<align>left</align>
						<font>Font30-light</font>
						<textcolor>$VAR[TextColor2]</textcolor>
						<label>$VAR[MusicInfoDescription]</label>
						<autoscroll delay="10000" time="1900" repeat="12000">True</autoscroll>
						<visible>Skin.String(PlotFont,M light)</visible>
					</control>
					<control type="textbox">
						<align>left</align>
						<font>Font33-light</font>
						<textcolor>$VAR[TextColor2]</textcolor>
						<label>$VAR[MusicInfoDescription]</label>
						<autoscroll delay="10000" time="1800" repeat="12000">True</autoscroll>
						<visible>Skin.String(PlotFont,L light)</visible>
					</control>
					<control type="textbox">
						<align>left</align>
						<font>Font36-light</font>
						<textcolor>$VAR[TextColor2]</textcolor>
						<label>$VAR[MusicInfoDescription]</label>
						<autoscroll delay="10000" time="1700" repeat="12000">True</autoscroll>
						<visible>Skin.String(PlotFont,XL light)</visible>
					</control>
					
					<control type="textbox">
						<align>left</align>
						<textcolor>$VAR[TextColor2]</textcolor>
						<label>$VAR[MusicInfoDescription]</label>
						<autoscroll delay="10000" time="2000" repeat="12000">True</autoscroll>
						<visible>Skin.String(PlotFont,S)</visible>
					</control>
					<control type="textbox">
						<align>left</align>
						<font>Font30</font>
						<textcolor>$VAR[TextColor2]</textcolor>
						<label>$VAR[MusicInfoDescription]</label>
						<autoscroll delay="10000" time="1900" repeat="12000">True</autoscroll>
						<visible>Skin.String(PlotFont,M)</visible>
					</control>
					<control type="textbox">
						<align>left</align>
						<font>Font33</font>
						<textcolor>$VAR[TextColor2]</textcolor>
						<label>$VAR[MusicInfoDescription]</label>
						<autoscroll delay="10000" time="1800" repeat="12000">True</autoscroll>
						<visible>Skin.String(PlotFont,L)</visible>
					</control>
					<control type="textbox">
						<align>left</align>
						<font>Font36</font>
						<textcolor>$VAR[TextColor2]</textcolor>
						<label>$VAR[MusicInfoDescription]</label>
						<autoscroll delay="10000" time="1700" repeat="12000">True</autoscroll>
						<visible>Skin.String(PlotFont,XL)</visible>
					</control>
				</control>
			</control>

			<!-- Scrollbar -->
			<control type="scrollbar" id="50">
				<include>DialogMusicInfo_coords9</include>
				<onleft>9000</onleft>
				<onright>9000</onright>
				<showonepage>false</showonepage>
				<orientation>vertical</orientation>
				<colordiffuse>$VAR[OverlayColorNF]</colordiffuse>
				<texturesliderbackground border="11,1,1,1">common/ScrollBackground.png</texturesliderbackground>
				<texturesliderbar border="11,1,1,1">common/ScrollbarGripNF.png</texturesliderbar>
				<texturesliderbarfocus border="11,1,1,1" colordiffuse="$VAR[DialogColor1]">common/ScrollbarGripFO.png</texturesliderbarfocus>
				<textureslidernib></textureslidernib>
				<textureslidernibfocus></textureslidernibfocus>
				<visible>!Skin.HasSetting(Scrollbars) + !Window.Is(songinformation)</visible>
				<include>VisibleFadeAnimation</include>
			</control>

			<!-- Button grouplist background -->
			<include content="dialogButtonBackground">
				<param name="id">9000</param>
			</include>

			<!-- Buttons -->
			<control type="grouplist" id="9000">
				<include>DialogButtons</include>
				<orientation>horizontal</orientation>
				<align>center</align>
				<itemgap>30</itemgap>
				<onup>50</onup>
				
				<!-- User rating Button -->
				<control type="button" id="7">
					<width>Auto</width>
					<label>38018</label>
					<visible>Skin.HasSetting(UserRating)</visible>
				</control>
				<!-- Refresh Button -->
				<control type="button" id="6">
					<width>Auto</width>
					<label>184</label>
					<visible>Control.IsEnabled(6)</visible>
					<visible>!Skin.HasSetting(KioskMode)</visible>
				</control>
				<!-- Get Thumb Button -->
				<control type="button" id="10">
					<width>Auto</width>
					<label>13511</label>
					<visible>Control.IsEnabled(10)</visible>
					<visible>!Skin.HasSetting(KioskMode)</visible>
				</control>
				<!-- Fanart Button -->
				<control type="button" id="12">
					<width>Auto</width>
					<label>20413</label>
					<visible>Control.IsEnabled(12)</visible>
					<visible>!Skin.HasSetting(KioskMode)</visible>
				</control>
				<!-- Close Button -->
				<control type="button" id="13">
					<width>auto</width>
					<font>Font36</font>
					<align>center</align>
					<onclick condition="Window.IsVisible(10135)">Dialog.Close(10135)</onclick>
					<onclick condition="Window.IsVisible(12001)">Dialog.Close(12001)</onclick>
					<label>$LOCALIZE[15067]</label>
					<visible>Skin.HasSetting(KioskMode) + !Control.IsVisible(7)</visible>
				</control>

			</control>

			<!-- Button grouplist indicator -->
			<include content="dialogButtonIndicator">
				<param name="visibility">!ControlGroup(9000).HasFocus + !Window.IsVisible(shutdownmenu)</param>
			</include>

		</control>

		<include>MaskingBars</include>

	</controls>

</window>