<?xml version="1.0" encoding="UTF-8"?>
<window>
	<!-- favourites -->
	<backgroundcolor>0</backgroundcolor>
	<defaultcontrol always="true">450</defaultcontrol>
	
	<!-- Sidemenu menucontrol -->
	<include content="SidemenuMenucontrol">
		<param name="id">3001</param>
	</include>
	
	<controls>
	
		<!-- Window Background -->
		<include>WindowBackgroundImage</include>

		<control type="group">
			<include>WindowFadeAnimation</include>

			<!-- Heading -->
			<include content="Time">
				<param name="heading">1036</param>
			</include>

			<!-- Image -->
			<control type="image">
				<include>DialogFavourites_coords1</include>
				<texture>$INFO[Container(450).ListItem.Icon]</texture>
				<aspectratio aligny="center">keep</aspectratio>
				<visible>!String.Contains(Container(450).ListItem.Icon,Default)</visible>
			</control>
			<control type="image">
				<include>DialogFavourites_coords1</include>
				<texture>$INFO[Container(450).ListItem.Icon]</texture>
				<colordiffuse>$VAR[OverlayColorFO]</colordiffuse>
				<aspectratio aligny="center">keep</aspectratio>
				<visible>String.Contains(Container(450).ListItem.Icon,Default)</visible>
			</control>

			<!-- List -->
			<control type="fixedlist" id="450">
				<include>DialogFavourites_coords2</include>
				<onup>450</onup>
				<ondown>450</ondown>
				<onleft>60</onleft>
				<pagecontrol>60</pagecontrol>
				<focusposition>5</focusposition>
				<orientation>vertical</orientation>
				<viewtype label="535">list</viewtype>
				<scrolltime tween="sine" easing="out">240</scrolltime>

				<include>DialogFavourites_coords3</include>

				<include>DialogFavourites_coords4</include>

			</control>

			<!-- Scrollbar (list) -->
			<control type="scrollbar" id="60">
				<include>DialogFavourites_coords5</include>
				<onright>450</onright>
				<onleft condition="!Skin.HasSetting(KioskMode) + Player.HasMedia + !Skin.HasSetting(SubMenuControls)">3001</onleft>
				<showonepage>false</showonepage>
				<orientation>vertical</orientation>
				<colordiffuse>$VAR[OverlayColorNF]</colordiffuse>
				<texturesliderbackground border="11,1,1,1">common/ScrollBackground.png</texturesliderbackground>
				<texturesliderbar border="11,1,1,1">common/ScrollbarGripNF.png</texturesliderbar>
				<texturesliderbarfocus border="11,1,1,1" colordiffuse="$VAR[DialogColor1]">common/ScrollbarGripFO.png</texturesliderbarfocus>
				<textureslidernib></textureslidernib>
				<textureslidernibfocus></textureslidernibfocus>
				<visible>!Skin.HasSetting(Scrollbars)</visible>
			</control>

			<!-- Item count -->
			<control type="fadelabel">
				<include>ItemCount_coords</include>
				<align>right</align>
				<label>$INFO[Container(450).NumItems]$VAR[ContentTypeFavourites, ,]</label>
				<font>Font30</font>
				<textcolor>$VAR[TextColor2]</textcolor>
				<animation effect="fade" start="100" end="0" time="200" condition="Integer.IsEqual(Container(450).NumItems,0) + Window.IsVisible(busydialog)">Conditional</animation>
			</control>
			
			<!-- Submenu indicator -->
			<control type="group">
				<visible>!Skin.HasSetting(KioskMode)</visible>
				<visible>!ControlGroup(9002).HasFocus + !Window.IsVisible(contextmenu) + !String.IsEqual(Container(450).NumItems,0) + Player.HasMedia + !Skin.HasSetting(SubMenuControls)</visible>
				<animation effect="fade" start="0" end="100" time="200">VisibleChange</animation>
				<animation effect="slide" time="200" start="-200,0" end="0,0">WindowOpen</animation>
				<animation effect="slide" time="200" start="0,0" end="-200,0">WindowClose</animation>
				<control type="image">
					<left>10</left>
					<centertop>50%</centertop>
					<width>30</width>
					<height>30</height>
					<texture colordiffuse="$VAR[DialogColor2]">sub-menu-left.png</texture>
					<animation effect="fade" start="100" end="0" time="200" condition="Integer.IsEqual(Container(450).NumItems,0) + Window.IsVisible(busydialog)">Conditional</animation>
				</control>
			</control>
			
		</control>
		
		<!-- Options -->
		<control type="group" id="9002">
			<include>NotificationDepth</include>
			<visible>!Skin.HasSetting(KioskMode)</visible>
			<control type="image">
				<include>FullscreenOverlayDimensions</include>
				<texture colordiffuse="$VAR[DarkenColor]">dialogs/DialogTextBackground.png</texture>
				<animation effect="fade" start="0" end="100" time="200">Visible</animation>
				<animation effect="fade" start="100" end="0" time="200">Hidden</animation>
				<visible>ControlGroup(9002).HasFocus</visible>
				<include>BackgroundDepth</include>
			</control>
			<control type="group">
				<left>-460</left>
				<top>0</top>
				<animation effect="slide" start="0,0" end="460,0" time="200" condition="ControlGroup(9002).HasFocus">Conditional</animation>
				<control type="button">
					<include>OptionsSideMenu1</include>
					<texturefocus>noop</texturefocus>
				</control>

				<control type="image">
					<include>OptionsSideMenu1</include>
					<texture colordiffuse="$VAR[OverlayColor]">dialogs/Background.png</texture>
				</control>

				<!-- Look controls -->
				<control type="grouplist" id="3001">
					<include>OptionsSideMenu3</include>
					<onleft>450</onleft>
					<onright>450</onright>
					<onback>450</onback>
					<scrolltime>200</scrolltime>
					<orientation>vertical</orientation>
					<itemgap>0</itemgap>

					<include content="SideMenuAnimation">
						<param name="containerID">3001</param>
					</include>

					<include>SideMenuControls</include>

				</control>
			</control>
		</control>

		<include>MaskingBars</include>

	</controls>

</window>