<?xml version="1.0" encoding="UTF-8"?>
<window>
	<!-- pvrguideinfo -->
	<defaultcontrol always="true">7</defaultcontrol>

	<controls>

		<!-- Dialog fanart -->
		<include>DialogFanart</include>

		<control type="group">
			<include>DialogDepth</include>

			<!-- Animation -->
			<include>DialogZoomAnimation</include>
			
			<!-- Heading -->
			<include content="Time">
				<param name="heading">$LOCALIZE[19047]</param>
			</include>
			
			<!-- Image -->
			<control type="image">
				<include>DialogPVRInfo_coords1</include>
				<texture background="true" fallback="DefaultLiveTV.png">$INFO[ListItem.Icon]</texture>
				<colordiffuse>$VAR[OverlayColorFO]</colordiffuse>
				<aspectratio align="center" aligny="center">keep</aspectratio>
				<visible>Window.IsVisible(FullscreenLiveTV) | Window.IsVisible(TVChannels) | Window.IsVisible(TVRecordings) | Window.IsVisible(TVGuide)</visible>
			</control>
			
			<control type="image">
				<include>DialogPVRInfo_coords1</include>
				<texture background="true" fallback="DefaultRadio.png">$INFO[ListItem.Icon]</texture>
				<colordiffuse>$VAR[OverlayColorFO]</colordiffuse>
				<aspectratio align="center" aligny="center">keep</aspectratio>
				<visible>Window.IsVisible(fullscreenradio) | Window.IsVisible(RadioChannels) | Window.IsVisible(RadioRecordings) | Window.IsVisible(RadioGuide)</visible>
			</control>
			
			<!-- Name -->
			<control type="label">
				<include>DialogPVRInfo_coords2</include>
				<font>Font36-bold</font>
				<textcolor>$VAR[TextColor1]</textcolor>
				<label>$INFO[ListItem.Title]</label>
			</control>

			<!-- Info -->
			<control type="group">
				<include>DialogPVRInfo_coords3</include>

				<!-- Details -->
				<control type="grouplist">
					<include>DialogPVRInfo_coords4</include>
					<itemgap>12</itemgap>
					<orientation>vertical</orientation>
					<usecontrolcoords>true</usecontrolcoords>

					<!-- Time description -->
					<control type="group">
						<include>DialogPVRInfo_coords5</include>
						<control type="fadelabel">
							<include>DialogPVRInfo_coords6</include>
							<align>right</align>
							<font>Font36</font>
							<label>$LOCALIZE[555]</label>
							<textcolor>$VAR[TextColor2]</textcolor>
						</control>
						<control type="fadelabel">
							<include>DialogPVRInfo_coords7</include>
							<font>Font36</font>
							<label>$INFO[ListItem.StartTime] - $INFO[ListItem.EndTime] ($INFO[ListItem.StartDate])</label>
							<textcolor>$VAR[TextColor1]</textcolor>
						</control>
					</control>

					<!-- Duration -->
					<control type="group">
						<include>DialogPVRInfo_coords5</include>
						<visible>!String.IsEmpty(ListItem.Duration)</visible>
						<control type="fadelabel">
							<include>DialogPVRInfo_coords6</include>
							<align>right</align>
							<font>Font36</font>
							<label>$LOCALIZE[180]</label>
							<textcolor>$VAR[TextColor2]</textcolor>
						</control>
						<control type="fadelabel">
							<include>DialogPVRInfo_coords7</include>
							<font>Font36</font>
							<label>$VAR[Duration]</label>
							<textcolor>$VAR[TextColor1]</textcolor>
						</control>
					</control>
					
					<!-- Channel Name -->
					<control type="group">
						<include>DialogPVRInfo_coords5</include>
						<visible>!String.IsEmpty(ListItem.ChannelName)</visible>
						<control type="fadelabel">
							<include>DialogPVRInfo_coords6</include>
							<align>right</align>
							<font>Font36</font>
							<label>$LOCALIZE[19148]</label>
							<textcolor>$VAR[TextColor2]</textcolor>
						</control>
						<control type="fadelabel">
							<include>DialogPVRInfo_coords7</include>
							<font>Font36</font>
							<label>$INFO[ListItem.ChannelName]</label>
							<textcolor>$VAR[TextColor1]</textcolor>
						</control>
					</control>

					<!-- Genre -->
					<control type="group">
						<include>DialogPVRInfo_coords5</include>
						<visible>!String.IsEmpty(ListItem.Genre)</visible>
						<control type="fadelabel">
							<include>DialogPVRInfo_coords6</include>
							<align>right</align>
							<font>Font36</font>
							<label>$LOCALIZE[135]</label>
							<textcolor>$VAR[TextColor2]</textcolor>
						</control>
						<control type="fadelabel">
							<include>DialogPVRInfo_coords7</include>
							<font>Font36</font>
							<label>$INFO[ListItem.Genre]</label>
							<textcolor>$VAR[TextColor1]</textcolor>
						</control>
					</control>

				</control>

				<!-- Plot -->
				<control type="group">
					<include>DialogPVRInfo_coords8</include>
					<control type="textbox" id="400">
						<align>left</align>
						<font>Font27-light</font>
						<textcolor>$VAR[TextColor2]</textcolor>
						<label>$INFO[ListItem.Plot]</label>
						<autoscroll delay="10000" time="2000" repeat="12000">True</autoscroll>
						<visible>Skin.String(PlotFont,S light)</visible>
					</control>
					<control type="textbox" id="400">
						<align>left</align>
						<font>Font30-light</font>
						<textcolor>$VAR[TextColor2]</textcolor>
						<label>$INFO[ListItem.Plot]</label>
						<autoscroll delay="10000" time="1900" repeat="12000">True</autoscroll>
						<visible>Skin.String(PlotFont,M light)</visible>
					</control>
					<control type="textbox" id="400">
						<align>left</align>
						<font>Font33-light</font>
						<textcolor>$VAR[TextColor2]</textcolor>
						<label>$INFO[ListItem.Plot]</label>
						<autoscroll delay="10000" time="1800" repeat="12000">True</autoscroll>
						<visible>Skin.String(PlotFont,L light)</visible>
					</control>
					<control type="textbox" id="400">
						<align>left</align>
						<font>Font36-light</font>
						<textcolor>$VAR[TextColor2]</textcolor>
						<label>$INFO[ListItem.Plot]</label>
						<autoscroll delay="10000" time="1700" repeat="12000">True</autoscroll>
						<visible>Skin.String(PlotFont,XL light)</visible>
					</control>
					
					<control type="textbox" id="400">
						<align>left</align>
						<textcolor>$VAR[TextColor2]</textcolor>
						<label>$INFO[ListItem.Plot]</label>
						<autoscroll delay="10000" time="2000" repeat="12000">True</autoscroll>
						<visible>Skin.String(PlotFont,S)</visible>
					</control>
					<control type="textbox" id="400">
						<align>left</align>
						<font>Font30</font>
						<textcolor>$VAR[TextColor2]</textcolor>
						<label>$INFO[ListItem.Plot]</label>
						<autoscroll delay="10000" time="1900" repeat="12000">True</autoscroll>
						<visible>Skin.String(PlotFont,M)</visible>
					</control>
					<control type="textbox" id="400">
						<align>left</align>
						<font>Font33</font>
						<textcolor>$VAR[TextColor2]</textcolor>
						<label>$INFO[ListItem.Plot]</label>
						<autoscroll delay="10000" time="1800" repeat="12000">True</autoscroll>
						<visible>Skin.String(PlotFont,L)</visible>
					</control>
					<control type="textbox" id="400">
						<align>left</align>
						<font>Font36</font>
						<textcolor>$VAR[TextColor2]</textcolor>
						<label>$INFO[ListItem.Plot]</label>
						<autoscroll delay="10000" time="1700" repeat="12000">True</autoscroll>
						<visible>Skin.String(PlotFont,XL)</visible>
					</control>
				</control>
			</control>

			<!-- Button grouplist background -->
			<include content="dialogButtonBackground">
				<param name="id">9000</param>
			</include>

			<!-- Buttons -->
			<control type="grouplist" id="9000">
				<include>DialogButtons</include>
				<orientation>horizontal</orientation>
				<align>center</align>
				<itemgap>30</itemgap>

				<!-- OK Button -->
				<control type="button" id="7">
					<width>auto</width>
					<label>186</label>
				</control>
				<!-- Switch to Channel -->
				<control type="button" id="5">
					<width>auto</width>
					<label>19165</label>
					<visible>Window.IsActive(PVRGuideInfo)</visible>
				</control>
				<!-- Find Similar -->
				<control type="button" id="4">
					<width>auto</width>
					<label>19003</label>
					<visible>Window.IsActive(PVRGuideInfo)</visible>
				</control>
				<!-- Record Button -->
				<control type="button" id="6">
					<width>auto</width>
					<label></label>
					<visible>Window.IsActive(PVRGuideInfo)</visible>
				</control>
				<!-- Play Recording Button -->
				<control type="button" id="8">
					<width>auto</width>
					<label>19687</label>
					<visible>Window.IsActive(PVRRecordingInfo)</visible>
				</control>
				<!-- Add Timer -->
				<control type="button" id="9">
					<width>auto</width>
					<label>19061</label>
					<visible>Window.IsActive(PVRGuideInfo)</visible>
				</control>

			</control>

		</control>

		<include>MaskingBars</include>

	</controls>

</window>