<?xml version="1.0" encoding="UTF-8"?>
<window>
	<!-- weather -->
	<backgroundcolor>0</backgroundcolor>
	<defaultcontrol always="true">100</defaultcontrol>

	<!-- Sidemenu menucontrol -->
	<include content="SidemenuMenucontrol">
		<param name="id">3001</param>
	</include>

	<controls>

		<!-- Hidden button -->
		<control type="button" id="100">
			<onleft condition="!Skin.HasSetting(KioskMode)">3001</onleft>
		</control>

		<!-- Background -->
		<include>WindowBackgroundImage</include>

		<!-- Time -->
		<include>Time</include>

		<!-- Main group -->
		<control type="group">
			<visible>!String.IsEqual(Weather.Location,$LOCALIZE[503])</visible>
			<include>VisibleFadeAnimation</include>
			<include>WindowFadeAnimation</include>

			<!-- View -->
			<control type="list" id="50">
				<include>MyWeather_coords1</include>
				<orientation>horizontal</orientation>
				<viewtype label="">list</viewtype>
				<scrolltime tween="sine" easing="out">240</scrolltime>
				<animation effect="fade" start="100" end="0" time="0">Hidden</animation>
				<animation effect="fade" start="0" end="100" time="200" delay="100">Visible</animation>
				<animation effect="slide" start="0,0" end="700,0" time="0" condition="String.IsEqual(Container(50).NumItems,1)">conditional</animation>
				<animation effect="slide" start="0,0" end="560,0" time="0" condition="String.IsEqual(Container(50).NumItems,2)">conditional</animation>
				<animation effect="slide" start="0,0" end="420,0" time="0" condition="String.IsEqual(Container(50).NumItems,3)">conditional</animation>
				<animation effect="slide" start="0,0" end="280,0" time="0" condition="String.IsEqual(Container(50).NumItems,4)">conditional</animation>
				<animation effect="slide" start="0,0" end="140,0" time="0" condition="String.IsEqual(Container(50).NumItems,5)">conditional</animation>

				<include>MyWeather_coords2</include>

				<include>MyWeather_coords3</include>
				
				<content>
					<item>
						<label>$LOCALIZE[33006]</label>
						<label2>$INFO[Window(Weather).Property(Day0.LowTemp)]$INFO[System.TemperatureUnits] / $INFO[Window(Weather).Property(Day0.HighTemp)]$INFO[System.TemperatureUnits]</label2>
						<icon>$VAR[weatherIcons]$INFO[Window(Weather).Property(Daily.1.FanartCode)]$VAR[WeatherIconsExtVar]</icon>
						<property name="weatherIconMulti">$VAR[weatherIcons]$INFO[Window(Weather).Property(Daily.1.FanartCode)]/</property>
						<visible>!String.IsEmpty(Window(Weather).Property(Daily.1.LongDay))</visible>
					</item>
					<item>
						<label>$LOCALIZE[33007]</label>
						<label2>$INFO[Window(Weather).Property(Day1.LowTemp)]$INFO[System.TemperatureUnits] / $INFO[Window(Weather).Property(Day1.HighTemp)]$INFO[System.TemperatureUnits]</label2>
						<icon>$VAR[weatherIcons]$INFO[Window(Weather).Property(Daily.2.FanartCode)]$VAR[WeatherIconsExtVar]</icon>
						<property name="weatherIconMulti">$VAR[weatherIcons]$INFO[Window(Weather).Property(Daily.2.FanartCode)]/</property>
						<visible>!String.IsEmpty(Window(Weather).Property(Daily.2.LongDay))</visible>
					</item>
					<item>
						<label>$INFO[Window(Weather).Property(Daily.3.LongDay)]</label>
						<label2>$INFO[Window(Weather).Property(Day2.LowTemp)]$INFO[System.TemperatureUnits] / $INFO[Window(Weather).Property(Day2.HighTemp)]$INFO[System.TemperatureUnits]</label2>
						<icon>$VAR[weatherIcons]$INFO[Window(Weather).Property(Daily.3.FanartCode)]$VAR[WeatherIconsExtVar]</icon>
						<property name="weatherIconMulti">$VAR[weatherIcons]$INFO[Window(Weather).Property(Daily.3.FanartCode)]/</property>
						<visible>!String.IsEmpty(Window(Weather).Property(Daily.3.LongDay))</visible>
					</item>
					<item>
						<label>$INFO[Window(Weather).Property(Daily.4.LongDay)]</label>
						<label2>$INFO[Window(Weather).Property(Day3.LowTemp)]$INFO[System.TemperatureUnits] / $INFO[Window(Weather).Property(Day3.HighTemp)]$INFO[System.TemperatureUnits]</label2>
						<icon>$VAR[weatherIcons]$INFO[Window(Weather).Property(Daily.4.FanartCode)]$VAR[WeatherIconsExtVar]</icon>
						<property name="weatherIconMulti">$VAR[weatherIcons]$INFO[Window(Weather).Property(Daily.4.FanartCode)]/</property>
						<visible>!String.IsEmpty(Window(Weather).Property(Daily.4.LongDay))</visible>
					</item>
					<item>
						<label>$INFO[Window(Weather).Property(Daily.5.LongDay)]</label>
						<label2>$INFO[Window(Weather).Property(Day4.LowTemp)]$INFO[System.TemperatureUnits] / $INFO[Window(Weather).Property(Day4.HighTemp)]$INFO[System.TemperatureUnits]</label2>
						<icon>$VAR[weatherIcons]$INFO[Window(Weather).Property(Daily.5.FanartCode)]$VAR[WeatherIconsExtVar]</icon>
						<property name="weatherIconMulti">$VAR[weatherIcons]$INFO[Window(Weather).Property(Daily.5.FanartCode)]/</property>
						<visible>!String.IsEmpty(Window(Weather).Property(Daily.5.LongDay))</visible>
					</item>
					<item>
						<label>$INFO[Window(Weather).Property(Daily.6.LongDay)]</label>
						<label2>$INFO[Window(Weather).Property(Day5.LowTemp)]$INFO[System.TemperatureUnits] / $INFO[Window(Weather).Property(Day5.HighTemp)]$INFO[System.TemperatureUnits]</label2>
						<icon>$VAR[weatherIcons]$INFO[Window(Weather).Property(Daily.6.FanartCode)]$VAR[WeatherIconsExtVar]</icon>
						<property name="weatherIconMulti">$VAR[weatherIcons]$INFO[Window(Weather).Property(Daily.6.FanartCode)]/</property>
						<visible>!String.IsEmpty(Window(Weather).Property(Daily.6.LongDay))</visible>
					</item>
				</content>

			</control>

			<!-- Current icon -->
			<control type="image">
				<include>MyWeather_coords4</include>
				<texture background="true">$VAR[weatherIcons]$INFO[Window(Weather).Property(Current.FanartCode)]$VAR[WeatherIconsExtVar]</texture>
				<aspectratio align="center" aligny="bottom">keep</aspectratio>
				<visible>!Skin.HasSetting(weatherIcons.multi)</visible>
			</control>
			<control type="multiimage">
				<include>MyWeather_coords4</include>
				<imagepath>$VAR[weatherIcons]$INFO[Window(Weather).Property(Current.FanartCode)]/</imagepath>
				<timeperimage>200</timeperimage>
				<aspectratio align="center" aligny="bottom">keep</aspectratio>
				<visible>Skin.HasSetting(weatherIcons.multi)</visible>
			</control>

			<!-- Weather Info -->
			<control type="group">
				<include>MyWeather_coords5</include>
				<control type="label">
					<include>MyWeather_coords6</include>
					<font>Font42</font>
					<label>$LOCALIZE[19030]: $INFO[Window(Weather).Property(Current.Condition)]</label>
					<textcolor>$VAR[TextColor1]</textcolor>
				</control>
				<control type="label">
					<include>MyWeather_coords7</include>
					<font>Font33</font>
					<textcolor>$VAR[TextColor2]</textcolor>
					<label>$LOCALIZE[1375]: $INFO[Window(Weather).Property(Current.Temperature)]$INFO[System.TemperatureUnits] / $LOCALIZE[402]: $INFO[Window(Weather).Property(Current.FeelsLike)]$INFO[System.TemperatureUnits]</label>
				</control>
				<control type="label">
					<include>MyWeather_coords8</include>
					<font>Font30</font>
					<textcolor>$VAR[TextColor2]</textcolor>
					<label>$LOCALIZE[383]: $INFO[Window(Weather).Property(Current.Wind)]</label>
				</control>
				<control type="label">
					<include>MyWeather_coords9</include>
					<font>Font33</font>
					<textcolor>$VAR[TextColor2]</textcolor>
					<label>$INFO[Window(weather).Property(Current.Humidity),$LOCALIZE[406]: ,]$INFO[Window(weather).Property(Current.Precipitation), &#8226; $LOCALIZE[33021]: ,]</label>
				</control>
				<control type="label">
					<include>MyWeather_coords10</include>
					<font>Font30</font>
					<textcolor>$VAR[TextColor2]</textcolor>
					<label>$INFO[Window(weather).Property(Today.Sunrise),$LOCALIZE[33027]: ,]$INFO[Window(weather).Property(Today.Sunset), &#8226; $LOCALIZE[33028]: ,]</label>
				</control>
				<control type="textbox">
					<include>MyWeather_coords11</include>
					<label>$LOCALIZE[33030]: $INFO[Window(Weather).Property(Day0.Outlook)]</label>
					<textcolor>$VAR[TextColor1]</textcolor>
					<autoscroll>false</autoscroll>
				</control>
			</control>

			<!-- Weather provider -->
			<control type="fadelabel">
				<include>MyWeather_coords12</include>
				<align>right</align>
				<label>$LOCALIZE[31045]$INFO[Window(Weather).Property(WeatherProvider), ,]</label>
				<font>Font33</font>
				<textcolor>$VAR[TextColor2]</textcolor>
			</control>
			
			<!-- Submenu indicator -->
			<include>SubmenuIndicator</include>

			<!-- Options -->
			<control type="group" id="9002">
				<include>NotificationDepth</include>
				<visible>!Skin.HasSetting(KioskMode)</visible>
				<control type="image">
					<include>FullscreenOverlayDimensions</include>
					<texture colordiffuse="$VAR[DarkenColor]">dialogs/DialogTextBackground.png</texture>
					<animation effect="fade" start="0" end="100" time="200">Visible</animation>
					<animation effect="fade" start="100" end="0" time="200">Hidden</animation>
					<visible>ControlGroup(9002).HasFocus</visible>
					<include>BackgroundDepth</include>
				</control>
				<control type="group">
					<left>-460</left>
					<top>0</top>
					<animation effect="slide" start="0,0" end="460,0" time="200" condition="ControlGroup(9002).HasFocus">Conditional</animation>
					<control type="image">
						<include>OptionsSideMenu1</include>
						<texture colordiffuse="$VAR[OverlayColor]">dialogs/Background.png</texture>
					</control>
					<control type="button">
						<include>OptionsSideMenu1</include>
						<texturefocus>noop</texturefocus>
					</control>

					<!-- Look controls -->
					<control type="grouplist" id="3001">
						<include>OptionsSideMenu3</include>
						<onleft>100</onleft>
						<onright>100</onright>
						<onback>100</onback>
						<scrolltime>200</scrolltime>
						<orientation>vertical</orientation>
						<itemgap>0</itemgap>
						<defaultcontrol always="true">3</defaultcontrol>

						<include content="SideMenuAnimation">
							<param name="containerID">3001</param>
						</include>

						<!-- Location control -->
						<control type="spincontrolex" id="3">
							<width>410</width>
							<label>$LOCALIZE[31069]:</label>
							<height>52</height>
						</control>
						<!-- Refresh -->
						<control type="button" id="2">
							<height>52</height>
							<label>103</label>
						</control>

						<include>SideMenuControls</include>

					</control>
				</control>
			</control>

		</control>
		
		<include>MaskingBars</include>
		
		<!-- Busy -->
		<control type="group">
			<include>BusyDepth</include>
			<visible>String.IsEqual(Weather.Location,$LOCALIZE[503])</visible>
			<!-- Background -->
			<include>DialogFadeBackgroundImage</include>
			<include>DialogFadeBackgroundImage</include>
			<include>DialogFadeBackgroundImage</include>

			<!-- Main group -->
			<control type="group">
				<include>DialogZoomAnimation</include>
				<include>DialogBusy_coords1</include>

				<!-- Spinner -->
				<control type="image">
					<include>DialogBusy_coords2</include>
					<texture colordiffuse="$VAR[DialogColor1]">$VAR[BusySpinner]</texture>
				</control>

			</control>
		</control>

	</controls>

</window>