<?xml version="1.0" encoding="UTF-8"?>
<window>
	<!-- script-skinshortcuts -->
	<defaultcontrol always="true">303</defaultcontrol>
	<onload>SetProperty(scriptdialog,script-skinshortcuts.xml,10000)</onload>
	<onunload>ClearProperty(scriptdialog,10000)</onunload>

	<controls>
	
		<!-- Black background image -->
		<control type="image">
			<include>FullscreenOverlayDimensions</include>
			<texture background="true">common/white.png</texture>
			<colordiffuse>FF000000</colordiffuse>
			<aspectratio>scale</aspectratio>
			<include>DialogZoomAnimation</include>
			<include>DialogBackgroundDepth</include>
		</control>
		<!-- Color -->
		<control type="image">
			<include>FullscreenDimensions</include>
			<texture background="true">common/white.png</texture>
			<colordiffuse>$VAR[SolidBackgroundColor]</colordiffuse>
			<visible>String.IsEqual(Skin.String(BackgroundDefaultImage),no) | String.IsEqual(Skin.String(BackgroundSingleImage),solid)</visible>
			<aspectratio>scale</aspectratio>
			<include>DialogZoomAnimation</include>
			<include>DialogBackgroundDepth</include>
		</control>
		
		<!-- Single background image -->
		<control type="image">
			<include>FullscreenDimensions</include>
			<texture background="true">$VAR[OSMCBackgroundImage]</texture>
			<visible>[String.IsEqual(Skin.String(BackgroundDefaultImage),yes) | String.IsEqual(Skin.String(BackgroundSingleImage),yes) | String.IsEqual(Skin.String(BackgroundSingleImage),no) + String.IsEmpty(Skin.String(CustomBackgroundFolder))] + String.IsEmpty(Container(211).ListItem.Property(background))</visible>
			<aspectratio>scale</aspectratio>
			<include>DialogZoomAnimation</include>
			<include>DialogBackgroundDepth</include>
		</control>
		<!-- Multiple background images -->
		<control type="multiimage">
			<include>FullscreenDimensions</include>
			<imagepath background="true">$VAR[OSMCBackgroundImage]</imagepath>
			<visible>String.IsEqual(Skin.String(BackgroundSingleImage),no) + !String.IsEmpty(Skin.String(CustomBackgroundFolder)) + String.IsEmpty(Container(211).ListItem.Property(background))</visible>
			<aspectratio>scale</aspectratio>
			<include>CustomBackgroundFolderDuration</include>
			<fadetime>2000</fadetime>
			<randomize>true</randomize>
			<loop>yes</loop>
			<include>DialogZoomAnimation</include>
			<include>DialogBackgroundDepth</include>
		</control>
		
		<!-- Single individual background image -->
		<control type="image">
			<include>FullscreenDimensions</include>
			<texture background="true">$INFO[Container(211).ListItem.Property(Background)]</texture>
			<visible>!String.IsEmpty(Container(211).ListItem.Property(background)) + ![String.EndsWith(Container(211).ListItem.Property(background),\) | String.EndsWith(Container(211).ListItem.Property(background),/)]</visible>
			<aspectratio>scale</aspectratio>
			<animation effect="fade" start="0" end="100" time="200" delay="70">Visible</animation>
			<animation effect="fade" start="100" end="0" time="200">Hidden</animation>
			<include>DialogZoomAnimation</include>
			<include>DialogBackgroundDepth</include>
		</control>
		<!-- Multiple individual background images -->
		<control type="multiimage">
			<include>FullscreenDimensions</include>
			<imagepath background="true">$INFO[Container(211).ListItem.Property(Background)]</imagepath>
			<visible>!String.IsEmpty(Container(211).ListItem.Property(background)) + [String.EndsWith(Container(211).ListItem.Property(background),\) | String.EndsWith(Container(211).ListItem.Property(background),/)]</visible>
			<aspectratio>scale</aspectratio>
			<include>IndividualBackgroundFolderDuration</include>
			<fadetime>2000</fadetime>
			<randomize>true</randomize>
			<loop>yes</loop>
			<animation effect="fade" start="0" end="100" time="200" delay="70">Visible</animation>
			<animation effect="fade" start="100" end="0" time="200">Hidden</animation>
			<include>DialogZoomAnimation</include>
			<include>DialogBackgroundDepth</include>
		</control>
		
		<!-- Fanart -->
		<control type="image" id="10000">
			<include>FullscreenDimensions</include>
			<texture background="true" fallback="transparent.png">$INFO[ListItem.Art(fanart)]</texture>
			<aspectratio>scale</aspectratio>
			<fadetime>400</fadetime>
			<visible>!Skin.HasSetting(HideFanart)</visible>
			<include>DialogBackgroundDepth</include>
		</control>
		
		<!-- Overlay -->
		<control type="image">
			<include>FullscreenOverlayDimensions</include>
			<texture background="true">$INFO[Skin.String(OSMCBackgroundOverlay),overlays/,.png]</texture>
			<colordiffuse>$VAR[BackgroundColor]</colordiffuse>
			<animation type="WindowOpen">
				<effect type="zoom" start="70" end="100" center="auto" tween="back" easing="inout" time="300" />
				<effect type="fade" start="0" end="100" time="300" tween="quadratic" easing="out" />
			</animation>
			<animation type="WindowClose">
				<effect type="zoom" start="100" end="70" center="auto" time="300" />
				<effect type="fade" start="100" end="0" time="300" tween="quadratic" easing="in" />
			</animation>
			<include>DialogBackgroundDepth</include>
		</control>

		<control type="group">
			<include>DialogDepth</include>
		
			<!-- Animation -->
			<include>DialogZoomAnimation</include>
			
			<!-- Heading -->
			<include content="Time">
				<param name="heading">$VAR[skinshortcuts-window]</param>
			</include>

			<!-- Heading -->
			<control type="label" id="500">
				<left>-1500000</left>
				<top>96</top>
				<width>1620</width>
				<height>72</height>
				<font>Font72</font>
			</control>

			<!-- Move down -->
			<control type="button" id="304">
				<left>-10</left>
				<top>-10</top>
				<width>1</width>
				<height>1</height>
				<onleft>60</onleft>
				<onright>303</onright>
				<onup>Control.Move(211,-1)</onup>
				<ondown>Control.Move(211,1)</ondown>
			</control>

			<!-- Move up -->
			<control type="button" id="303">
				<left>-10</left>
				<top>-10</top>
				<width>1</width>
				<height>1</height>
				<onleft>304</onleft>
				<onright>9000</onright>
				<onup>Control.Move(211,-1)</onup>
				<ondown>Control.Move(211,1)</ondown>
			</control>

			<!-- Left list -->
			<control type="list" id="211">
				<include>script-skinshortcuts_coords1</include>
				<onleft>60</onleft>
				<onright>304</onright>
				<onup>211</onup>
				<ondown>211</ondown>
				<pagecontrol>60</pagecontrol>
				<scrolltime tween="sine" easing="out">240</scrolltime>

				<animation effect="fade" start="100" end="50" time="200" tween="cubic" easing="out" reversible="false" condition="ControlGroup(9000).HasFocus | ControlGroup(9001).HasFocus">Conditional</animation>

				<include>script-skinshortcuts_coords2</include>

				<include>script-skinshortcuts_coords3</include>

			</control>
			
			<!-- Scrollbar (Left list) -->
			<control type="scrollbar" id="60">
				<include>script-skinshortcuts_coords4</include>
				<onleft>9001</onleft>
				<onright>304</onright>
				<showonepage>false</showonepage>
				<orientation>vertical</orientation>
				<colordiffuse>$VAR[OverlayColorNF]</colordiffuse>
				<texturesliderbackground border="9,1,6,1">common/ScrollBackground.png</texturesliderbackground>
				<texturesliderbar border="8,1,6,1">common/ScrollbarGripNF.png</texturesliderbar>
				<texturesliderbarfocus border="8,1,6,1" colordiffuse="$VAR[DialogColor1]">common/ScrollbarGripFO.png</texturesliderbarfocus>
				<textureslidernib></textureslidernib>
				<textureslidernibfocus></textureslidernibfocus>
				<visible>!Skin.HasSetting(Scrollbars)</visible>
				<animation effect="fade" start="100" end="50" time="200" tween="cubic" easing="out" reversible="false" condition="ControlGroup(9000).HasFocus | ControlGroup(9001).HasFocus">Conditional</animation>
			</control>

			<!-- Right grouplist -->
			<control type="grouplist" id="9000">
				<include>script-skinshortcuts_coords5</include>
				<itemgap>0</itemgap>
				<onleft>303</onleft>
				<onright>9001</onright>
				<onup>9000</onup>
				<ondown>9000</ondown>
				<orientation>vertical</orientation>
				<usecontrolcoords>true</usecontrolcoords>
				<scrolltime tween="sine" easing="out">240</scrolltime>

				<!-- Heading -->
				<control type="label" id="1">
					<textcolor>$VAR[TextColor2]</textcolor>
					<include>script-skinshortcuts_coords6</include>
					<label>$INFO[Container(211).ListItem.Label]</label>
					<align>center</align>
					<scroll>True</scroll>
					<visible>!String.EndsWith(Window.Property(groupname),.1)</visible>
				</control>
				
				<!-- Heading -->
				<control type="label" id="2">
					<textcolor>$VAR[TextColor2]</textcolor>
					<include>script-skinshortcuts_coords6</include>
					<label>$INFO[Container(211).ListItem.Property(widgetName)]</label>
					<align>center</align>
					<scroll>True</scroll>
					<visible>String.EndsWith(Window.Property(groupname),.1)</visible>
				</control>

				<!-- Change shortcut -->
				<control type="button" id="401">
					<include>script-skinshortcuts_coords6</include>
					<label>$ADDON[script.skinshortcuts 32048]</label>
					<visible>!String.EndsWith(Window.Property(groupname),.1)</visible>
				</control>

				<!-- Change label -->
				<control type="button" id="305">
					<include>script-skinshortcuts_coords7</include>
					<label>  -  $LOCALIZE[528]</label>
					<visible>!String.EndsWith(Window.Property(groupname),.1)</visible>
				</control>

				<!-- Change action -->
				<control type="button" id="307">
					<include>script-skinshortcuts_coords7</include>
					<label>  -  $ADDON[script.skinshortcuts 32027]</label>
					<label2>$INFO[Container(211).ListItem.Property(displaypath)]</label2>
					<visible>!String.EndsWith(Window.Property(groupname),.1)</visible>
				</control>
				
				<!-- Edit background -->
				<control type="button" id="310">
					<include>script-skinshortcuts_coords7</include>
					<label>  -  $ADDON[script.skinshortcuts 32045]</label>
					<label2>$INFO[Container(211).ListItem.Property(background)]</label2>
					<disabledcolor>$VAR[TextColor4]</disabledcolor>
					<visible>String.IsEqual(Window.Property(groupname),mainmenu)</visible>
				</control>
				
				<!-- Edit background duration -->
				<control type="button" id="210">
					<include>script-skinshortcuts_coords7</include>
					<font>Font33</font>
					<label>  -  $LOCALIZE[31137]</label>
					<label2>$INFO[Skin.String(IndividualBackgroundFolderDuration)]</label2>
					<onclick condition="String.IsEqual(Skin.String(IndividualBackgroundFolderDuration),1 min)">Skin.SetString(IndividualBackgroundFolderDuration,5s)</onclick>
					<onclick condition="String.IsEqual(Skin.String(IndividualBackgroundFolderDuration),5s)">Skin.SetString(IndividualBackgroundFolderDuration,6s)</onclick>
					<onclick condition="String.IsEqual(Skin.String(IndividualBackgroundFolderDuration),6s)">Skin.SetString(IndividualBackgroundFolderDuration,8s)</onclick>
					<onclick condition="String.IsEqual(Skin.String(IndividualBackgroundFolderDuration),8s)">Skin.SetString(IndividualBackgroundFolderDuration,10s)</onclick>
					<onclick condition="String.IsEqual(Skin.String(IndividualBackgroundFolderDuration),10s)">Skin.SetString(IndividualBackgroundFolderDuration,15s)</onclick>
					<onclick condition="String.IsEqual(Skin.String(IndividualBackgroundFolderDuration),15s)">Skin.SetString(IndividualBackgroundFolderDuration,20s)</onclick>
					<onclick condition="String.IsEqual(Skin.String(IndividualBackgroundFolderDuration),20s)">Skin.SetString(IndividualBackgroundFolderDuration,30s)</onclick>
					<onclick condition="String.IsEqual(Skin.String(IndividualBackgroundFolderDuration),30s)">Skin.SetString(IndividualBackgroundFolderDuration,1 min)</onclick>
					<disabledcolor>$VAR[TextColor4]</disabledcolor>
					<visible>String.IsEqual(Window.Property(groupname),mainmenu)</visible>
				</control>

				<!-- Edit submenu -->
				<control type="button" id="405">
					<include>script-skinshortcuts_coords6</include>
					<label>$ADDON[script.skinshortcuts 32072]</label>
					<visible>String.IsEqual(Window.Property(groupname),mainmenu)</visible>
				</control>

				<!-- Manage widgets -->
				<control type="button" id="406">
					<include>script-skinshortcuts_coords6</include>
					<label>$LOCALIZE[31095]</label>
					<visible>String.IsEqual(Window.Property(groupname),mainmenu)</visible>
				</control>

				<!-- Select widget -->
				<control type="button" id="312">
					<include>script-skinshortcuts_coords7</include>
					<label>$ADDON[script.skinshortcuts 32044]</label>
					<visible>String.EndsWith(Window.Property(groupname),.1)</visible>
				</control>

				<!-- Change label-->
				<control type="button" id="604">
					<include>script-skinshortcuts_coords7</include>
					<label>  -  $LOCALIZE[528]</label>
                    <onclick>RunScript(script.skin.helper.service,action=setskinshortcutsproperty,header=$LOCALIZE[528],property=widgetName)</onclick>
                    <visible>String.EndsWith(Window.Property(groupname),.1)</visible>
				</control>
				
				<!-- Change layout -->
				<control type="button" id="601">
					<include>script-skinshortcuts_coords7</include>
					<label>  -  $LOCALIZE[31172]</label>
					<label2>$VAR[skinshortcuts-size]</label2>
					<enable>!String.IsEmpty(Container(211).ListItem.Property(widget)) + !String.IsEqual(Container(211).ListItem.Property(widget),WeatherWidget)</enable>
					<disabledcolor>$VAR[TextColor4]</disabledcolor>
					<visible>String.EndsWith(Window.Property(groupname),.1)</visible>
				</control>

				<!-- Change artwork -->
				<control type="button" id="602">
					<include>script-skinshortcuts_coords7</include>
					<label>  -  $LOCALIZE[31033]</label>
					<label2>$VAR[skinshortcuts-art]</label2>
					<enable>!String.IsEmpty(Container(211).ListItem.Property(widget)) + !String.IsEqual(Container(211).ListItem.Property(widget),WeatherWidget) + !Container(8000).IsUpdating</enable>
					<disabledcolor>$VAR[TextColor4]</disabledcolor>
					<visible>String.EndsWith(Window.Property(groupname),.1)</visible>
				</control>
				
				<!-- Fallback artwork -->
				<control type="button" id="603">
					<include>script-skinshortcuts_coords7</include>
					<label>  -  $LOCALIZE[31029]</label>
					<label2>$VAR[skinshortcuts-fallbackart]</label2>
					<enable>!String.IsEmpty(Container(211).ListItem.Property(widget)) + !String.IsEqual(Container(211).ListItem.Property(widget),WeatherWidget) + !Container(8000).IsUpdating</enable>
					<disabledcolor>$VAR[TextColor4]</disabledcolor>
					<visible>String.EndsWith(Window.Property(groupname),.1)</visible>
				</control>

				<!-- Widget sort by -->
				<control type="button" id="502">
					<include>script-skinshortcuts_coords7</include>
					<label>  -  $LOCALIZE[31175]</label>
					<label2>$VAR[WidgetSortByLabel]</label2>
					<enable>!String.IsEmpty(Container(211).ListItem.Property(widget)) + !String.IsEqual(Container(211).ListItem.Property(widget),WeatherWidget) + !Container(8000).IsUpdating</enable>
					<disabledcolor>$VAR[TextColor4]</disabledcolor>
					<visible>String.EndsWith(Window.Property(groupname),.1)</visible>
					<onclick>SetProperty(chooseProperty,widgetSortBy)</onclick>
					<onclick>SendClick(404)</onclick>
				</control>
				
				<!-- Widget sort direction -->
				<control type="button" id="503">
					<include>script-skinshortcuts_coords7</include>
					<label>  -  $LOCALIZE[31176]</label>
					<label2>$VAR[WidgetSortDirectionLabel]</label2>
					<enable>!String.IsEmpty(Container(211).ListItem.Property(widget)) + !String.IsEqual(Container(211).ListItem.Property(widget),WeatherWidget) + !Container(8000).IsUpdating</enable>
					<disabledcolor>$VAR[TextColor4]</disabledcolor>
					<visible>String.EndsWith(Window.Property(groupname),.1)</visible>
					<onclick>SetProperty(chooseProperty,widgetSortDirection)</onclick>
					<onclick>SendClick(404)</onclick>
				</control>
				
				<!-- Widget limit items -->
				<control type="button" id="504">
					<include>script-skinshortcuts_coords7</include>
					<label>  -  $LOCALIZE[31177]</label>
					<label2>$VAR[WidgetLimitLabel]</label2>
					<enable>!String.IsEmpty(Container(211).ListItem.Property(widget)) + !String.IsEqual(Container(211).ListItem.Property(widget),WeatherWidget) + !Container(8000).IsUpdating</enable>
					<disabledcolor>$VAR[TextColor4]</disabledcolor>
					<visible>String.EndsWith(Window.Property(groupname),.1)</visible>
					<onclick>SetProperty(chooseProperty,widgetLimit)</onclick>
					<onclick>SendClick(404)</onclick>
				</control>

				<!-- Enable/Disable -->
				<control type="radiobutton" id="313">
					<include>script-skinshortcuts_coords6</include>
					<label>$LOCALIZE[31161]</label>
					<selected>String.IsEqual(Container(211).ListItem.Property(skinshortcuts-disabled),False)</selected>
				</control>

				<!-- Delete -->
				<control type="button" id="302">
					<include>script-skinshortcuts_coords7</include>
					<label>$ADDON[script.skinshortcuts 32001]</label>
				</control>
			</control>

			<!-- Explanation text -->
			<control type="textbox">
				<include>script-skinshortcuts_coords8</include>
				<label>$VAR[SkinShortcutsExplanation1]</label>
				<textcolor>$VAR[TextColor1]</textcolor>
			</control>

			<control type="group">
				<!-- Button grouplist background -->
				<control type="image">
					<include>dialogButtonBackground_coords1</include>
					<texture colordiffuse="$VAR[TextColor1]">common/Border.png</texture>
					<visible>ControlGroup(9001).HasFocus | Window.IsVisible(1106)</visible>
					<include>VisibleFadeAnimation</include>
				</control>
				<control type="image">
					<include>dialogButtonBackground_coords1</include>
					<texture colordiffuse="$VAR[TextColor2]">common/Border.png</texture>
					<visible>!ControlGroup(9001).HasFocus + !Window.IsVisible(1106)</visible>
					<include>VisibleFadeAnimation</include>
				</control>
				<control type="image">
					<include>dialogButtonBackground_coords2</include>
					<texture colordiffuse="$VAR[TextColor1]">common/Border.png</texture>
					<visible>ControlGroup(9001).HasFocus | Window.IsVisible(1106)</visible>
					<include>VisibleFadeAnimation</include>
				</control>
				<control type="image">
					<include>dialogButtonBackground_coords2</include>
					<texture colordiffuse="$VAR[TextColor2]">common/Border.png</texture>
					<visible>!ControlGroup(9001).HasFocus + !Window.IsVisible(1106)</visible>
					<include>VisibleFadeAnimation</include>
				</control>
				<control type="image">
					<include>dialogButtonBackground_coords3</include>
					<visible>ControlGroup(9001).HasFocus | Window.IsVisible(1106)</visible>
					<texture colordiffuse="$VAR[DarkenColor]">dialogs/DialogTextBackground.png</texture>
					<include>VisibleFadeAnimation</include>
				</control>
				
				<!-- Button grouplist indicator -->
				<include content="dialogButtonIndicator">
					<param name="visibility">!ControlGroup(9001).HasFocus + !Window.IsVisible(shutdownmenu)</param>
				</include>

				<!-- Buttons -->
				<control type="grouplist" id="9001">
					<include>DialogButtons</include>
					<orientation>horizontal</orientation>
					<align>center</align>
					<itemgap>30</itemgap>
					<onup>9000</onup>
					<visible>!Window.IsVisible(1106)</visible>
					<include>VisibleFadeAnimation</include>


					<!-- Add item -->
					<control type="button" id="301">
						<width>auto</width>
						<label>$ADDON[script.skinshortcuts 32000]</label>
					</control>

					<!-- Restore -->
					<control type="button" id="308">
						<width>auto</width>
						<label>$ADDON[script.skinshortcuts 32028]</label>
					</control>

					<!-- Help -->
					<control type="button" id="314">
						<label>10043</label>
						<width>auto</width>
						<onclick condition="String.EndsWith(Window.Property(groupname),.1)">SetProperty(Window,Widgetmenu,1106)</onclick>
						<onclick condition="!String.IsEqual(Window.Property(groupname),mainmenu) + !String.EndsWith(Window.Property(groupname),.1)">SetProperty(Window,Submenu,1106)</onclick>
						<onclick condition="String.IsEqual(Window.Property(groupname),mainmenu)">SetProperty(Window,Mainmenu,1106)</onclick>
						<onclick>ActivateWindow(1106)</onclick>
					</control>

				</control>
			
			</control>

		</control>

		<!-- Hidden controls -->
		<control type="button" id="404">
			<left>-1000</left>
			<top>-1000</top>
			<width>10</width>
			<label></label>
		</control>

		<control type="wraplist" id="8000">
			<left>-1000</left>
			<top>-1000</top>
			<width>100</width>
			<height>100</height>
			<itemlayout height="100" width="100" />
			<focusedlayout height="100" width="100" />
			<content>$INFO[Container(211).ListItem.Property(widgetPath)]</content>
		</control>

		<include>MaskingBars</include>

	</controls>

</window>
